#include "model_data.h"

alignas(16) const unsigned char g_model[] = {
    0x1c, 0x00, 0x00, 0x00, 0x54, 0x46, 0x4c, 0x33, 0x14, 0x00, 0x20, 0x00,
    0x1c, 0x00, 0x18, 0x00, 0x14, 0x00, 0x10, 0x00, 0x0c, 0x00, 0x00, 0x00,
    0x08, 0x00, 0x04, 0x00, 0x14, 0x00, 0x00, 0x00, 0x1c, 0x00, 0x00, 0x00,
    0x84, 0x00, 0x00, 0x00, 0xdc, 0x00, 0x00, 0x00, 0xb8, 0x13, 0x00, 0x00,
    0xc8, 0x13, 0x00, 0x00, 0x48, 0x42, 0x00, 0x00, 0x03, 0x00, 0x00, 0x00,
    0x01, 0x00, 0x00, 0x00, 0x04, 0x00, 0x00, 0x00, 0xe2, 0xeb, 0xff, 0xff,
    0x0c, 0x00, 0x00, 0x00, 0x1c, 0x00, 0x00, 0x00, 0x3c, 0x00, 0x00, 0x00,
    0x0f, 0x00, 0x00, 0x00, 0x73, 0x65, 0x72, 0x76, 0x69, 0x6e, 0x67, 0x5f,
    0x64, 0x65, 0x66, 0x61, 0x75, 0x6c, 0x74, 0x00, 0x01, 0x00, 0x00, 0x00,
    0x04, 0x00, 0x00, 0x00, 0x98, 0xff, 0xff, 0xff, 0x1b, 0x00, 0x00, 0x00,
    0x04, 0x00, 0x00, 0x00, 0x08, 0x00, 0x00, 0x00, 0x6f, 0x75, 0x74, 0x70,
    0x75, 0x74, 0x5f, 0x30, 0x00, 0x00, 0x00, 0x00, 0x01, 0x00, 0x00, 0x00,
    0x04, 0x00, 0x00, 0x00, 0xd2, 0xec, 0xff, 0xff, 0x04, 0x00, 0x00, 0x00,
    0x06, 0x00, 0x00, 0x00, 0x6c, 0x6f, 0x67, 0x6d, 0x65, 0x6c, 0x00, 0x00,
    0x02, 0x00, 0x00, 0x00, 0x34, 0x00, 0x00, 0x00, 0x04, 0x00, 0x00, 0x00,
    0xdc, 0xff, 0xff, 0xff, 0x1e, 0x00, 0x00, 0x00, 0x04, 0x00, 0x00, 0x00,
    0x13, 0x00, 0x00, 0x00, 0x43, 0x4f, 0x4e, 0x56, 0x45, 0x52, 0x53, 0x49,
    0x4f, 0x4e, 0x5f, 0x4d, 0x45, 0x54, 0x41, 0x44, 0x41, 0x54, 0x41, 0x00,
    0x08, 0x00, 0x0c, 0x00, 0x08, 0x00, 0x04, 0x00, 0x08, 0x00, 0x00, 0x00,
    0x1d, 0x00, 0x00, 0x00, 0x04, 0x00, 0x00, 0x00, 0x13, 0x00, 0x00, 0x00,
    0x6d, 0x69, 0x6e, 0x5f, 0x72, 0x75, 0x6e, 0x74, 0x69, 0x6d, 0x65, 0x5f,
    0x76, 0x65, 0x72, 0x73, 0x69, 0x6f, 0x6e, 0x00, 0x1f, 0x00, 0x00, 0x00,
    0xd8, 0x12, 0x00, 0x00, 0xd0, 0x12, 0x00, 0x00, 0xb8, 0x12, 0x00, 0x00,
    0x9c, 0x12, 0x00, 0x00, 0x5c, 0x12, 0x00, 0x00, 0x8c, 0x11, 0x00, 0x00,
    0x7c, 0x0b, 0x00, 0x00, 0xec, 0x0a, 0x00, 0x00, 0xbc, 0x09, 0x00, 0x00,
    0x2c, 0x09, 0x00, 0x00, 0x1c, 0x06, 0x00, 0x00, 0xac, 0x05, 0x00, 0x00,
    0xc4, 0x04, 0x00, 0x00, 0x54, 0x04, 0x00, 0x00, 0xc4, 0x02, 0x00, 0x00,
    0x74, 0x02, 0x00, 0x00, 0xd4, 0x01, 0x00, 0x00, 0x84, 0x01, 0x00, 0x00,
    0xe4, 0x00, 0x00, 0x00, 0xdc, 0x00, 0x00, 0x00, 0xd4, 0x00, 0x00, 0x00,
    0xcc, 0x00, 0x00, 0x00, 0xc4, 0x00, 0x00, 0x00, 0xbc, 0x00, 0x00, 0x00,
    0xb4, 0x00, 0x00, 0x00, 0xac, 0x00, 0x00, 0x00, 0xa4, 0x00, 0x00, 0x00,
    0x9c, 0x00, 0x00, 0x00, 0x94, 0x00, 0x00, 0x00, 0x74, 0x00, 0x00, 0x00,
    0x04, 0x00, 0x00, 0x00, 0xc2, 0xed, 0xff, 0xff, 0x04, 0x00, 0x00, 0x00,
    0x60, 0x00, 0x00, 0x00, 0x0c, 0x00, 0x00, 0x00, 0x08, 0x00, 0x0e, 0x00,
    0x08, 0x00, 0x04, 0x00, 0x08, 0x00, 0x00, 0x00, 0x10, 0x00, 0x00, 0x00,
    0x28, 0x00, 0x00, 0x00, 0x00, 0x00, 0x06, 0x00, 0x08, 0x00, 0x04, 0x00,
    0x06, 0x00, 0x00, 0x00, 0x04, 0x00, 0x00, 0x00, 0x01, 0x00, 0x00, 0x00,
    0xeb, 0x03, 0x00, 0x00, 0x0c, 0x00, 0x18, 0x00, 0x14, 0x00, 0x10, 0x00,
    0x0c, 0x00, 0x04, 0x00, 0x0c, 0x00, 0x00, 0x00, 0x11, 0xb8, 0x5a, 0x3c,
    0x9e, 0x63, 0x69, 0xf2, 0x02, 0x00, 0x00, 0x00, 0x02, 0x00, 0x00, 0x00,
    0x04, 0x00, 0x00, 0x00, 0x06, 0x00, 0x00, 0x00, 0x32, 0x2e, 0x32, 0x31,
    0x2e, 0x30, 0x00, 0x00, 0x2e, 0xee, 0xff, 0xff, 0x04, 0x00, 0x00, 0x00,
    0x10, 0x00, 0x00, 0x00, 0x31, 0x2e, 0x31, 0x34, 0x2e, 0x30, 0x00, 0x00,
    0x00, 0x00, 0x00, 0x00, 0x00, 0x00, 0x00, 0x00, 0x90, 0xc0, 0xff, 0xff,
    0x94, 0xc0, 0xff, 0xff, 0x98, 0xc0, 0xff, 0xff, 0x9c, 0xc0, 0xff, 0xff,
    0xa0, 0xc0, 0xff, 0xff, 0xa4, 0xc0, 0xff, 0xff, 0xa8, 0xc0, 0xff, 0xff,
    0xac, 0xc0, 0xff, 0xff, 0xb0, 0xc0, 0xff, 0xff, 0xb4, 0xc0, 0xff, 0xff,
    0x72, 0xee, 0xff, 0xff, 0x04, 0x00, 0x00, 0x00, 0x90, 0x00, 0x00, 0x00,
    0x55, 0x81, 0x9e, 0x9f, 0xd2, 0xb5, 0x4a, 0xf1, 0x0b, 0x65, 0xc2, 0x05,
    0x68, 0x1e, 0x6b, 0x7f, 0x33, 0xc8, 0xf5, 0x03, 0xb1, 0x22, 0xbf, 0x81,
    0xd7, 0xd9, 0x2c, 0x68, 0x90, 0x9a, 0xe5, 0xf2, 0xdc, 0x81, 0xdd, 0xc7,
    0x8b, 0x81, 0x1b, 0x8c, 0x3c, 0xc0, 0x45, 0x43, 0x09, 0x0a, 0x38, 0x90,
    0x81, 0x38, 0x98, 0x3e, 0x93, 0x12, 0x7f, 0x3b, 0x2a, 0x4e, 0x1b, 0x56,
    0x29, 0xc9, 0xec, 0xa1, 0xb5, 0x01, 0x37, 0x3c, 0x2d, 0xa1, 0xb5, 0x81,
    0x1c, 0x7d, 0xa0, 0x1f, 0x7f, 0x2d, 0xd8, 0x26, 0x0c, 0x1a, 0x99, 0x1e,
    0xcd, 0xb0, 0x05, 0x38, 0x81, 0x01, 0xb2, 0x00, 0xe2, 0x81, 0x12, 0x05,
    0x83, 0x82, 0x51, 0xcf, 0xf9, 0xc2, 0x81, 0x8f, 0x33, 0xd4, 0x74, 0xb3,
    0x2a, 0x46, 0x7f, 0xf3, 0x76, 0x1b, 0x14, 0x4f, 0xd1, 0xdb, 0x81, 0xca,
    0x5d, 0x2f, 0x87, 0xf5, 0xba, 0xab, 0xed, 0x8c, 0x04, 0xc5, 0x08, 0x7c,
    0x81, 0x79, 0x01, 0x27, 0x6a, 0xae, 0x55, 0xb2, 0xde, 0x62, 0xb9, 0x7f,
    0x0e, 0xef, 0xff, 0xff, 0x04, 0x00, 0x00, 0x00, 0x40, 0x00, 0x00, 0x00,
    0x05, 0xd0, 0xff, 0xff, 0xb5, 0x44, 0x00, 0x00, 0xea, 0xcf, 0xff, 0xff,
    0x74, 0xb9, 0xff, 0xff, 0xaa, 0xdd, 0xff, 0xff, 0x4a, 0xd2, 0xff, 0xff,
    0xa9, 0x46, 0x00, 0x00, 0xb8, 0xce, 0xff, 0xff, 0x30, 0x32, 0x00, 0x00,
    0xff, 0xd4, 0xff, 0xff, 0xca, 0xbe, 0xff, 0xff, 0x81, 0xc8, 0xff, 0xff,
    0xd8, 0x47, 0x00, 0x00, 0xb7, 0xc2, 0xff, 0xff, 0xd6, 0xf8, 0xff, 0xff,
    0xdb, 0x20, 0x00, 0x00, 0x5a, 0xef, 0xff, 0xff, 0x04, 0x00, 0x00, 0x00,
    0x90, 0x00, 0x00, 0x00, 0x7f, 0xff, 0x35, 0x46, 0x6b, 0x81, 0x48, 0x10,
    0xab, 0xc0, 0xbe, 0x31, 0xf2, 0x17, 0xee, 0x81, 0x3f, 0x60, 0x9d, 0x1a,
    0x67, 0x6f, 0x18, 0x7f, 0x43, 0x52, 0xf8, 0xdd, 0x28, 0xff, 0xc0, 0x1d,
    0x69, 0x3b, 0xa2, 0xa1, 0x82, 0x93, 0x81, 0xe8, 0x98, 0x5b, 0x07, 0x6a,
    0x15, 0x70, 0x8d, 0xdf, 0xbd, 0xcd, 0x32, 0x50, 0x7f, 0xfd, 0x40, 0x40,
    0x10, 0x7f, 0xee, 0xe8, 0x23, 0xb5, 0xa9, 0xc6, 0x27, 0x31, 0xf0, 0xdc,
    0x6c, 0xb1, 0x6c, 0x20, 0xa7, 0xe9, 0x26, 0x7f, 0x7f, 0xa6, 0xd3, 0x92,
    0x48, 0xeb, 0x31, 0x7f, 0x52, 0xc4, 0x88, 0x4b, 0xe5, 0x99, 0xcb, 0x64,
    0x87, 0x4e, 0xbd, 0xa8, 0x1c, 0xe2, 0x2a, 0x41, 0x36, 0xb9, 0x1b, 0xfd,
    0x7f, 0xb7, 0x81, 0xd7, 0xcb, 0x8b, 0x81, 0xa4, 0xf2, 0x7f, 0x81, 0x4a,
    0xb2, 0x44, 0x07, 0xbc, 0x42, 0xa4, 0xee, 0xd1, 0x79, 0x81, 0xca, 0x0d,
    0xa2, 0xd9, 0xd6, 0x04, 0xc7, 0x44, 0xf0, 0xff, 0x98, 0x89, 0xd6, 0xee,
    0x0f, 0x55, 0x86, 0xe8, 0xf6, 0xef, 0xff, 0xff, 0x04, 0x00, 0x00, 0x00,
    0x40, 0x00, 0x00, 0x00, 0x0c, 0xed, 0xff, 0xff, 0xdc, 0xf3, 0xff, 0xff,
    0x17, 0x0e, 0x00, 0x00, 0x81, 0xe8, 0xff, 0xff, 0xb8, 0xe7, 0xff, 0xff,
    0x4f, 0x0b, 0x00, 0x00, 0xc0, 0xf9, 0xff, 0xff, 0x47, 0xef, 0xff, 0xff,
    0x85, 0x07, 0x00, 0x00, 0xe2, 0x0b, 0x00, 0x00, 0x2a, 0x16, 0x00, 0x00,
    0xf2, 0xef, 0xff, 0xff, 0x96, 0xf4, 0xff, 0xff, 0x29, 0x08, 0x00, 0x00,
    0x20, 0x2f, 0x00, 0x00, 0xbf, 0x27, 0x00, 0x00, 0x42, 0xf0, 0xff, 0xff,
    0x04, 0x00, 0x00, 0x00, 0x80, 0x01, 0x00, 0x00, 0x55, 0x9f, 0x55, 0xbf,
    0x92, 0xa5, 0xdf, 0x5c, 0xab, 0xdf, 0x02, 0xdf, 0x7f, 0x38, 0xd9, 0x63,
    0xed, 0x71, 0x7d, 0x81, 0x45, 0xdf, 0x49, 0xdc, 0xcd, 0xc5, 0x4c, 0x2c,
    0xf5, 0xf5, 0x8d, 0x69, 0xeb, 0x42, 0x81, 0xbb, 0x77, 0x20, 0x2c, 0x02,
    0x5e, 0xe8, 0x15, 0xc0, 0xdb, 0x55, 0xcf, 0x08, 0x84, 0x26, 0xd2, 0x7b,
    0xa6, 0x6f, 0x4e, 0x4f, 0x81, 0xef, 0xdf, 0x64, 0x4e, 0x81, 0xce, 0xd1,
    0xe7, 0x69, 0xde, 0xff, 0x5d, 0x21, 0xf6, 0x8c, 0x09, 0xe4, 0x7f, 0x9b,
    0x32, 0x79, 0xcc, 0x27, 0x61, 0x97, 0x08, 0x01, 0x81, 0xeb, 0x02, 0x38,
    0xf9, 0x57, 0xdb, 0x85, 0x9a, 0x16, 0x95, 0x66, 0xb8, 0x46, 0xbd, 0x48,
    0x00, 0x2b, 0x42, 0xd4, 0xba, 0xf2, 0x38, 0x2d, 0x81, 0x6f, 0x58, 0xae,
    0xe4, 0x7f, 0x90, 0x63, 0xc4, 0x60, 0xe1, 0x7d, 0x5e, 0x6d, 0x49, 0x9d,
    0x48, 0xef, 0x99, 0x13, 0x8c, 0x98, 0x39, 0x2e, 0x26, 0xc9, 0xf9, 0x54,
    0x1e, 0xb8, 0xfd, 0xeb, 0x7f, 0x18, 0xc5, 0x64, 0x92, 0x31, 0x96, 0x32,
    0xf7, 0x85, 0x19, 0xbe, 0xfc, 0x57, 0x46, 0x7b, 0x5b, 0x43, 0x81, 0xb7,
    0xc2, 0x6b, 0x41, 0xbb, 0x9a, 0x29, 0xc4, 0x1a, 0xe6, 0xbd, 0x55, 0x81,
    0xa7, 0xec, 0x1e, 0x99, 0x19, 0x3e, 0x0e, 0xaa, 0xfc, 0x59, 0xf7, 0x33,
    0x54, 0x63, 0x3f, 0xe4, 0x4b, 0xa7, 0x81, 0x28, 0xd4, 0x4b, 0x77, 0x04,
    0xd7, 0x46, 0x9f, 0x3f, 0xa2, 0x09, 0xa7, 0x48, 0x7f, 0x4f, 0x37, 0x43,
    0x64, 0x28, 0xf9, 0x36, 0xc8, 0x48, 0x3b, 0xc3, 0x48, 0x51, 0x9a, 0xc7,
    0xf4, 0x39, 0x7f, 0xac, 0x06, 0xb2, 0x04, 0xfb, 0xc3, 0x74, 0xb4, 0x81,
    0x11, 0xf1, 0x92, 0x3d, 0x2e, 0x81, 0xe8, 0xf7, 0xd2, 0xf0, 0xd5, 0x9b,
    0x67, 0x66, 0x46, 0x0b, 0x52, 0x1e, 0xe6, 0xcf, 0x7f, 0x17, 0xac, 0x5d,
    0xe9, 0x0e, 0x81, 0x94, 0xc6, 0xe0, 0xc9, 0x4d, 0xd9, 0xf3, 0xaf, 0x20,
    0x20, 0x9d, 0xec, 0x51, 0x1c, 0x7f, 0x9f, 0xfa, 0xbb, 0xb6, 0xf2, 0x5b,
    0xc1, 0x94, 0xb3, 0xf4, 0x02, 0xfe, 0xe9, 0xe3, 0xed, 0xb4, 0xa2, 0xa1,
    0xf9, 0x48, 0x48, 0xc5, 0x17, 0xc7, 0x26, 0x47, 0x7f, 0x01, 0x45, 0xc1,
    0xf9, 0x9c, 0x17, 0xdf, 0x71, 0x05, 0x26, 0x61, 0xd4, 0x66, 0x81, 0xf3,
    0x97, 0xa5, 0x29, 0x53, 0xf2, 0x33, 0x6e, 0xdc, 0x2a, 0xbd, 0x06, 0x54,
    0xcf, 0x42, 0x2c, 0x0b, 0xa5, 0x41, 0x81, 0x87, 0x7f, 0xe3, 0xf5, 0x9e,
    0x3a, 0x62, 0x03, 0x70, 0x82, 0xc0, 0xec, 0xa3, 0xe1, 0x78, 0xd6, 0xfa,
    0x9b, 0xf2, 0x46, 0xed, 0xc0, 0x0b, 0x54, 0xea, 0x66, 0x7e, 0x2c, 0x72,
    0x6b, 0x81, 0xf6, 0x8b, 0xc6, 0x43, 0xbf, 0xb7, 0xda, 0x17, 0x02, 0xdc,
    0x83, 0x57, 0xbb, 0x66, 0x2a, 0x20, 0xef, 0x81, 0xce, 0xf1, 0xff, 0xff,
    0x04, 0x00, 0x00, 0x00, 0x60, 0x00, 0x00, 0x00, 0x1a, 0xff, 0xff, 0xff,
    0x0d, 0xf9, 0xff, 0xff, 0xba, 0xff, 0xff, 0xff, 0x23, 0x04, 0x00, 0x00,
    0x98, 0xf6, 0xff, 0xff, 0x3d, 0x0b, 0x00, 0x00, 0x86, 0xfb, 0xff, 0xff,
    0x37, 0xf1, 0xff, 0xff, 0xe3, 0xfc, 0xff, 0xff, 0x22, 0x01, 0x00, 0x00,
    0x68, 0x11, 0x00, 0x00, 0xce, 0xf6, 0xff, 0xff, 0x3c, 0xef, 0xff, 0xff,
    0xbc, 0xf4, 0xff, 0xff, 0x63, 0x10, 0x00, 0x00, 0xf9, 0xf6, 0xff, 0xff,
    0x04, 0x11, 0x00, 0x00, 0xb5, 0x0c, 0x00, 0x00, 0x39, 0x00, 0x00, 0x00,
    0x2a, 0x03, 0x00, 0x00, 0x25, 0x03, 0x00, 0x00, 0x11, 0x02, 0x00, 0x00,
    0x58, 0xf9, 0xff, 0xff, 0xfa, 0x0a, 0x00, 0x00, 0x3a, 0xf2, 0xff, 0xff,
    0x04, 0x00, 0x00, 0x00, 0xd8, 0x00, 0x00, 0x00, 0x57, 0x3f, 0xf2, 0xe5,
    0x68, 0x0b, 0x1a, 0x57, 0x81, 0x12, 0xf6, 0xe8, 0xc6, 0xe0, 0xea, 0x81,
    0xc8, 0xeb, 0x3c, 0xdf, 0xfe, 0xd3, 0x1d, 0x31, 0x81, 0xc9, 0x36, 0x93,
    0x7b, 0xd4, 0x59, 0xe3, 0xb8, 0xc7, 0x5f, 0x68, 0xd6, 0xfc, 0x51, 0x18,
    0xfe, 0xae, 0x1c, 0x33, 0x24, 0x78, 0xb2, 0x81, 0xf3, 0xef, 0xbd, 0xaa,
    0x7f, 0x9a, 0x05, 0x0a, 0x28, 0x57, 0x7f, 0x50, 0x3c, 0x47, 0x14, 0x98,
    0xe6, 0x32, 0xec, 0x41, 0xba, 0xf3, 0xb1, 0xe8, 0xd3, 0x7f, 0x81, 0x2e,
    0x31, 0xf4, 0x81, 0x7f, 0xdf, 0xe9, 0xb6, 0x26, 0x81, 0x1b, 0xc5, 0xff,
    0xc6, 0x0f, 0xc9, 0x62, 0x18, 0xd3, 0x05, 0x62, 0xeb, 0x0f, 0xb5, 0x1e,
    0xb9, 0xb7, 0x41, 0xb8, 0xa7, 0xd9, 0x25, 0x0e, 0x57, 0x3c, 0xc7, 0xb7,
    0xb0, 0xd3, 0xb5, 0x7f, 0xc6, 0x68, 0x7f, 0x60, 0x0c, 0xc8, 0xc7, 0xe1,
    0x31, 0x81, 0xe5, 0xaf, 0x5d, 0x55, 0x4c, 0xed, 0xd6, 0x1e, 0x81, 0x3b,
    0xe8, 0x64, 0xea, 0xd8, 0xe1, 0x7f, 0xef, 0xf9, 0x74, 0x46, 0xb5, 0x9f,
    0xd9, 0xe2, 0xea, 0x0b, 0x8a, 0xcd, 0xe8, 0x81, 0x99, 0x37, 0x09, 0xed,
    0xa8, 0xee, 0x81, 0x16, 0x49, 0x53, 0x1b, 0xb5, 0xd7, 0xa8, 0x13, 0x81,
    0xb4, 0xd7, 0x0e, 0x1d, 0xe7, 0x67, 0x91, 0x92, 0x5d, 0xa4, 0x95, 0x6a,
    0x81, 0x3a, 0xc6, 0xb6, 0xfa, 0x7b, 0x2f, 0x0f, 0xd6, 0xd3, 0x87, 0xd7,
    0x15, 0x2d, 0x30, 0xe0, 0x9f, 0x7f, 0xaf, 0x4f, 0xe5, 0x7f, 0x8d, 0x51,
    0xc5, 0x7f, 0x95, 0xef, 0x81, 0x94, 0x2f, 0xa8, 0x1e, 0xf3, 0xff, 0xff,
    0x04, 0x00, 0x00, 0x00, 0x60, 0x00, 0x00, 0x00, 0xb5, 0x01, 0x00, 0x00,
    0x09, 0x02, 0x00, 0x00, 0xab, 0x10, 0x00, 0x00, 0x92, 0x13, 0x00, 0x00,
    0x2e, 0xf6, 0xff, 0xff, 0xce, 0x10, 0x00, 0x00, 0xf2, 0xfc, 0xff, 0xff,
    0xfc, 0xfc, 0xff, 0xff, 0xfc, 0x13, 0x00, 0x00, 0x74, 0xf9, 0xff, 0xff,
    0xae, 0xff, 0xff, 0xff, 0x81, 0x00, 0x00, 0x00, 0x50, 0x09, 0x00, 0x00,
    0x04, 0xf9, 0xff, 0xff, 0x0c, 0x0d, 0x00, 0x00, 0xdb, 0x00, 0x00, 0x00,
    0x6f, 0x19, 0x00, 0x00, 0xfe, 0xf6, 0xff, 0xff, 0x97, 0x0e, 0x00, 0x00,
    0xfd, 0xf6, 0xff, 0xff, 0xe9, 0x04, 0x00, 0x00, 0x06, 0xf4, 0xff, 0xff,
    0xd7, 0xf9, 0xff, 0xff, 0x25, 0xff, 0xff, 0xff, 0x8a, 0xf3, 0xff, 0xff,
    0x04, 0x00, 0x00, 0x00, 0x00, 0x03, 0x00, 0x00, 0x68, 0x0e, 0x50, 0x2f,
    0xfc, 0xd7, 0xff, 0x5d, 0x00, 0x66, 0x1e, 0x67, 0x66, 0xee, 0xe7, 0x7f,
    0xbf, 0x20, 0xe4, 0xd5, 0x9c, 0xf8, 0x46, 0xa7, 0xb9, 0xec, 0x44, 0xf3,
    0x3a, 0xfc, 0xe1, 0xa7, 0x7b, 0xc4, 0x49, 0x3f, 0xcf, 0x47, 0xd9, 0x8c,
    0x54, 0x18, 0xb5, 0xbb, 0x5c, 0x02, 0x81, 0x2d, 0x47, 0x51, 0xc5, 0xc2,
    0xb0, 0x6c, 0x5d, 0x5e, 0xa7, 0x3f, 0xbc, 0xbe, 0x81, 0xe2, 0x1e, 0xbf,
    0x0c, 0x24, 0x08, 0xe9, 0xa7, 0x2d, 0xc1, 0x54, 0x81, 0xf1, 0x22, 0xa8,
    0x44, 0x32, 0xe8, 0xed, 0x1d, 0x1a, 0x21, 0x40, 0xd5, 0xb8, 0xfd, 0x2e,
    0x6c, 0xb9, 0x00, 0x1a, 0x12, 0x23, 0x58, 0x1f, 0x26, 0x25, 0x72, 0x0f,
    0xe5, 0xe8, 0x10, 0xf4, 0xfe, 0x3f, 0x50, 0xda, 0x19, 0x65, 0xfc, 0x2a,
    0xd5, 0x08, 0x8c, 0xe4, 0x7f, 0x34, 0x1f, 0xf8, 0x8d, 0x48, 0x0d, 0xe7,
    0x1e, 0x5a, 0x8a, 0x77, 0x4b, 0x36, 0x7f, 0x69, 0xd9, 0x64, 0x6d, 0xe3,
    0x68, 0xde, 0x0b, 0x7c, 0xe2, 0x52, 0xcb, 0x1e, 0xc3, 0xa0, 0xd3, 0xd5,
    0x96, 0xed, 0x81, 0x57, 0x29, 0x2f, 0xf7, 0x20, 0xfc, 0x58, 0x8c, 0xaa,
    0x82, 0x22, 0x39, 0x03, 0xb8, 0xc6, 0x2c, 0x81, 0x97, 0x6d, 0x9b, 0x2f,
    0xed, 0xac, 0xce, 0xf2, 0x08, 0xa4, 0xd8, 0x33, 0x49, 0xc9, 0x60, 0xfe,
    0xa9, 0xf7, 0x63, 0x6f, 0x10, 0x3d, 0xa5, 0x7f, 0x30, 0xa6, 0x34, 0xd2,
    0x02, 0x1f, 0x60, 0xbb, 0x4a, 0xaf, 0x7f, 0x13, 0x3f, 0x25, 0xb3, 0xbc,
    0xa7, 0x8e, 0xfc, 0x28, 0x33, 0x13, 0xf7, 0xc2, 0xb5, 0xf8, 0x0e, 0xbb,
    0xcb, 0x29, 0x7f, 0xf2, 0x7a, 0x8c, 0xab, 0xe1, 0xa0, 0x22, 0xf8, 0x2c,
    0xc5, 0x87, 0x29, 0xfd, 0xe5, 0x0e, 0x45, 0x2c, 0x26, 0xc3, 0xf6, 0x47,
    0x0a, 0x8b, 0x18, 0xeb, 0x40, 0x05, 0x1b, 0xb2, 0xe6, 0x89, 0xa5, 0x16,
    0x81, 0x0b, 0x92, 0x07, 0x76, 0x66, 0xab, 0x93, 0x2d, 0x77, 0x13, 0xdd,
    0xa8, 0x30, 0xe4, 0xf3, 0x01, 0xdc, 0x6f, 0xe8, 0x03, 0x49, 0x2a, 0x95,
    0x12, 0x55, 0xf5, 0x79, 0xc7, 0xeb, 0x43, 0x7f, 0xe1, 0xa8, 0xa4, 0x9b,
    0x32, 0x18, 0x7f, 0xea, 0x75, 0xcc, 0x27, 0xc3, 0x0a, 0x0e, 0x4c, 0xc3,
    0x00, 0xe8, 0xf5, 0x03, 0xea, 0xc2, 0xee, 0x4e, 0x37, 0x3a, 0x9d, 0xcb,
    0xdf, 0xc3, 0xc5, 0x4a, 0x1f, 0x19, 0x33, 0xb8, 0xcf, 0xbf, 0x41, 0xad,
    0xb6, 0x41, 0xda, 0x66, 0xc9, 0xb7, 0x7f, 0x63, 0xe8, 0x09, 0xae, 0x16,
    0x04, 0x38, 0x69, 0xda, 0x1f, 0x15, 0xbc, 0x88, 0xa7, 0x7f, 0xaa, 0xac,
    0x13, 0xd0, 0xf5, 0xfc, 0xd1, 0xc7, 0x04, 0xce, 0x0b, 0x81, 0xc0, 0x37,
    0x71, 0x2e, 0x35, 0xb7, 0xd6, 0xc0, 0xe0, 0x0a, 0x4d, 0x90, 0x3d, 0x25,
    0x4b, 0xe1, 0xcd, 0x2f, 0x12, 0xbc, 0x1d, 0x14, 0x29, 0xd7, 0x02, 0xd0,
    0xb4, 0xe0, 0xac, 0xeb, 0xa5, 0x15, 0x7f, 0x43, 0x16, 0xf7, 0x05, 0x77,
    0xa0, 0xf2, 0x25, 0x0b, 0x9d, 0xa8, 0x21, 0x32, 0x99, 0x2a, 0x46, 0x81,
    0xe3, 0x4f, 0xfe, 0x0c, 0xce, 0xe9, 0x20, 0x6e, 0x9b, 0xda, 0xf1, 0x20,
    0xc3, 0x25, 0xfd, 0xa6, 0x3c, 0x43, 0x5c, 0x34, 0xfd, 0xd7, 0xa2, 0xb5,
    0xeb, 0xd3, 0xbe, 0x9d, 0xf6, 0xf1, 0xf5, 0xfa, 0x0c, 0x7f, 0x07, 0xf6,
    0x00, 0xea, 0x85, 0xed, 0xee, 0xd1, 0xb3, 0x0c, 0x50, 0x62, 0x99, 0x2b,
    0x47, 0xc9, 0x23, 0xf3, 0x81, 0x33, 0x79, 0xaf, 0xf8, 0x3f, 0x04, 0xeb,
    0xb6, 0x91, 0x7a, 0x19, 0xc1, 0xc1, 0x3b, 0xeb, 0xe0, 0x21, 0x19, 0x14,
    0x36, 0xa5, 0xab, 0x63, 0xa1, 0x1e, 0x72, 0x00, 0x2a, 0x09, 0x90, 0xa7,
    0x2a, 0x58, 0x7f, 0x49, 0x17, 0x07, 0x60, 0xdb, 0x25, 0x2f, 0x33, 0x20,
    0x7c, 0x1d, 0xda, 0x0b, 0x33, 0x44, 0x7f, 0x0f, 0x75, 0xb8, 0x01, 0xe7,
    0x6a, 0xed, 0xc0, 0x2d, 0x4a, 0xd2, 0x48, 0x0f, 0xe3, 0x81, 0x18, 0xaf,
    0x11, 0x09, 0xc2, 0xce, 0x78, 0x79, 0x7f, 0xdf, 0x9c, 0xd5, 0x73, 0xe3,
    0xfe, 0xd0, 0xf9, 0x60, 0x58, 0x88, 0x31, 0x13, 0xa6, 0xc0, 0x7f, 0xfc,
    0x9f, 0x67, 0xef, 0xf9, 0x0a, 0x3e, 0x35, 0x32, 0x47, 0xe5, 0x83, 0xee,
    0x9f, 0x37, 0xfe, 0x91, 0xb7, 0x1a, 0x68, 0xc9, 0xcd, 0xe1, 0xaf, 0x23,
    0x6e, 0x03, 0xc9, 0x4d, 0x81, 0xb1, 0xef, 0x14, 0x2f, 0x50, 0x95, 0xf4,
    0xae, 0xa1, 0xd4, 0xd6, 0x4e, 0x03, 0x04, 0x58, 0xf7, 0xa2, 0x7f, 0xd1,
    0x60, 0xd8, 0x3e, 0xc7, 0xfe, 0x37, 0xaa, 0x7b, 0x40, 0xe8, 0x26, 0x72,
    0xb0, 0x0a, 0xfb, 0x5d, 0x2e, 0xe3, 0x52, 0x26, 0xe9, 0xae, 0x40, 0xcc,
    0x00, 0x12, 0xb7, 0x15, 0xaf, 0x64, 0x7f, 0x6c, 0x8d, 0xfc, 0x06, 0xc0,
    0xcb, 0xfd, 0x2e, 0xe7, 0x11, 0xf6, 0x6c, 0xc4, 0x02, 0x13, 0x9d, 0x4d,
    0xb2, 0xcd, 0xb8, 0x45, 0xa8, 0xd4, 0x7f, 0xb0, 0x48, 0x01, 0x20, 0x4b,
    0x3c, 0xe6, 0x57, 0xa0, 0x92, 0x91, 0xc4, 0x94, 0x0b, 0xcd, 0xbc, 0x99,
    0xc4, 0x49, 0xed, 0x47, 0xf7, 0x9f, 0xe8, 0xa7, 0x81, 0x1f, 0x90, 0x0e,
    0x58, 0xec, 0x8a, 0xfa, 0x1e, 0xfb, 0x63, 0x67, 0x7d, 0x1d, 0x43, 0x8e,
    0xe3, 0xc2, 0x1d, 0x3a, 0x12, 0xcc, 0x0f, 0x7f, 0x3a, 0x63, 0x37, 0x0a,
    0xae, 0xd3, 0x3b, 0xca, 0xb8, 0xb1, 0x89, 0x01, 0xff, 0x97, 0x94, 0xb3,
    0x7f, 0xa0, 0x5d, 0x4b, 0x2d, 0xc9, 0x61, 0x5d, 0x04, 0x07, 0x0a, 0x2e,
    0x66, 0x39, 0x42, 0xaa, 0xc4, 0xdf, 0xd1, 0x89, 0xce, 0xcc, 0xf7, 0x53,
    0x81, 0xf9, 0x8b, 0xd7, 0xb3, 0x09, 0x15, 0x3d, 0x32, 0x0a, 0xb3, 0x82,
    0xa7, 0xd2, 0x44, 0x1c, 0x06, 0xf2, 0xab, 0x9b, 0x96, 0xf6, 0xff, 0xff,
    0x04, 0x00, 0x00, 0x00, 0x80, 0x00, 0x00, 0x00, 0xc8, 0xf1, 0xff, 0xff,
    0x11, 0xff, 0xff, 0xff, 0xf5, 0x05, 0x00, 0x00, 0x2a, 0xfb, 0xff, 0xff,
    0x06, 0xf4, 0xff, 0xff, 0x5b, 0xe8, 0xff, 0xff, 0xcd, 0x13, 0x00, 0x00,
    0xc0, 0xfd, 0xff, 0xff, 0x47, 0x01, 0x00, 0x00, 0x14, 0x07, 0x00, 0x00,
    0x1f, 0x10, 0x00, 0x00, 0x80, 0xef, 0xff, 0xff, 0x87, 0x03, 0x00, 0x00,
    0xa8, 0x03, 0x00, 0x00, 0xa4, 0x09, 0x00, 0x00, 0x23, 0xff, 0xff, 0xff,
    0xac, 0x06, 0x00, 0x00, 0xb1, 0x00, 0x00, 0x00, 0xd1, 0x12, 0x00, 0x00,
    0x84, 0xff, 0xff, 0xff, 0xc2, 0xf1, 0xff, 0xff, 0x4b, 0xe7, 0xff, 0xff,
    0x5c, 0xfe, 0xff, 0xff, 0xd0, 0x01, 0x00, 0x00, 0x6f, 0x09, 0x00, 0x00,
    0xb1, 0xf2, 0xff, 0xff, 0xc5, 0xff, 0xff, 0xff, 0x26, 0x0a, 0x00, 0x00,
    0xfd, 0x0c, 0x00, 0x00, 0xe4, 0xff, 0xff, 0xff, 0x93, 0xfc, 0xff, 0xff,
    0x4e, 0x12, 0x00, 0x00, 0x22, 0xf7, 0xff, 0xff, 0x04, 0x00, 0x00, 0x00,
    0x20, 0x01, 0x00, 0x00, 0x33, 0xfb, 0xde, 0x57, 0x2d, 0xc7, 0x74, 0x3e,
    0xb7, 0x22, 0x1e, 0x3e, 0x89, 0x81, 0xf6, 0xf6, 0x59, 0xe4, 0x7f, 0x14,
    0x55, 0x19, 0x9c, 0x73, 0xfc, 0x5b, 0x31, 0x6e, 0x06, 0x4a, 0x00, 0xa7,
    0x54, 0x67, 0x15, 0xf3, 0xbc, 0xb9, 0xbd, 0xe7, 0x2b, 0xba, 0x7f, 0xe0,
    0xf7, 0xe4, 0x08, 0x7f, 0x49, 0xed, 0x27, 0xb4, 0x25, 0x18, 0x02, 0x36,
    0x15, 0x05, 0x25, 0xd5, 0x22, 0x53, 0xfc, 0x3a, 0x75, 0x8d, 0x15, 0xa4,
    0xaf, 0x7f, 0xe9, 0x45, 0xcc, 0x7a, 0x97, 0xe7, 0x6f, 0x3d, 0x2e, 0xf2,
    0x2a, 0x4d, 0x2a, 0xaa, 0x7f, 0x0a, 0xd4, 0x7f, 0xfa, 0x7f, 0x6f, 0x88,
    0x54, 0x0d, 0xcb, 0x68, 0xc3, 0xd9, 0xdc, 0x53, 0x41, 0xfb, 0xe4, 0xf3,
    0xc0, 0x07, 0xe8, 0x81, 0x81, 0xc0, 0x9e, 0x35, 0x7f, 0x13, 0xad, 0x76,
    0xf1, 0xeb, 0xcf, 0x60, 0x81, 0xd6, 0xbb, 0x27, 0x30, 0x3d, 0xd8, 0x81,
    0x7f, 0x81, 0x81, 0xe0, 0xd9, 0x3c, 0x2d, 0xcb, 0x04, 0xc8, 0xea, 0x23,
    0xce, 0x9f, 0x95, 0x6c, 0x62, 0x26, 0x01, 0x25, 0xc8, 0x7f, 0x84, 0x63,
    0xef, 0xef, 0x84, 0x81, 0x81, 0x58, 0x19, 0xbb, 0x18, 0x4a, 0x54, 0xb9,
    0xc1, 0x3c, 0x50, 0x3c, 0x38, 0x7f, 0xba, 0xa6, 0x71, 0x68, 0xd1, 0x3e,
    0x49, 0x7f, 0xd9, 0xb0, 0xd0, 0x33, 0x7f, 0x1c, 0x15, 0x7d, 0x10, 0x16,
    0x30, 0x01, 0x2f, 0x4c, 0xe0, 0x22, 0x3f, 0x7f, 0xd5, 0x26, 0x7f, 0x0e,
    0x7f, 0x3c, 0x33, 0x0e, 0xa6, 0xdc, 0x81, 0xdb, 0x43, 0x19, 0xc6, 0x7f,
    0x54, 0xcb, 0x07, 0xe5, 0x17, 0xf0, 0xc5, 0x93, 0x1c, 0xb4, 0x0c, 0xba,
    0x99, 0xe2, 0xb6, 0xab, 0x0d, 0xe1, 0xac, 0x81, 0x7a, 0xf4, 0x19, 0x33,
    0xec, 0xa5, 0x05, 0x66, 0x48, 0xdb, 0x47, 0x05, 0x29, 0x56, 0x05, 0xb6,
    0x0c, 0xe1, 0xc9, 0x2e, 0xd8, 0x7f, 0x81, 0xc8, 0x89, 0x17, 0x3f, 0xf8,
    0x81, 0x64, 0xc4, 0xba, 0xfe, 0x3a, 0xd0, 0x99, 0x29, 0x6a, 0xdb, 0xcb,
    0x0f, 0x4d, 0xba, 0x88, 0xd4, 0x49, 0x78, 0x32, 0xd9, 0x5c, 0x7f, 0x01,
    0x28, 0x2b, 0xbb, 0x28, 0x4e, 0xf8, 0xff, 0xff, 0x04, 0x00, 0x00, 0x00,
    0x80, 0x00, 0x00, 0x00, 0x50, 0xfb, 0xff, 0xff, 0xfc, 0x01, 0x00, 0x00,
    0xaf, 0x00, 0x00, 0x00, 0xa0, 0x01, 0x00, 0x00, 0xc4, 0x05, 0x00, 0x00,
    0x6f, 0xf8, 0xff, 0xff, 0x1a, 0xfc, 0xff, 0xff, 0xb4, 0x02, 0x00, 0x00,
    0x1a, 0xf9, 0xff, 0xff, 0x60, 0xfa, 0xff, 0xff, 0x81, 0x00, 0x00, 0x00,
    0x2e, 0x03, 0x00, 0x00, 0x19, 0x08, 0x00, 0x00, 0x55, 0x03, 0x00, 0x00,
    0xd3, 0x0b, 0x00, 0x00, 0x38, 0xf5, 0xff, 0xff, 0x87, 0xe9, 0xff, 0xff,
    0x9b, 0xf7, 0xff, 0xff, 0x6f, 0xfe, 0xff, 0xff, 0x3f, 0xfe, 0xff, 0xff,
    0x75, 0xfa, 0xff, 0xff, 0xd8, 0xf4, 0xff, 0xff, 0x5f, 0x03, 0x00, 0x00,
    0x63, 0xf2, 0xff, 0xff, 0x41, 0x02, 0x00, 0x00, 0xff, 0xf8, 0xff, 0xff,
    0xf1, 0x02, 0x00, 0x00, 0x1b, 0x05, 0x00, 0x00, 0xb7, 0xfd, 0xff, 0xff,
    0x02, 0xf3, 0xff, 0xff, 0xff, 0x03, 0x00, 0x00, 0x0b, 0x04, 0x00, 0x00,
    0xda, 0xf8, 0xff, 0xff, 0x04, 0x00, 0x00, 0x00, 0x00, 0x06, 0x00, 0x00,
    0x73, 0xe8, 0xb3, 0xae, 0xa3, 0x2f, 0xc4, 0x4f, 0x21, 0x24, 0xf2, 0xda,
    0xde, 0xbf, 0x51, 0x6e, 0x50, 0xea, 0xe8, 0xd0, 0x11, 0x15, 0xe3, 0xed,
    0xe7, 0xc9, 0x7f, 0xb1, 0x03, 0xe4, 0x25, 0x14, 0xdf, 0xf3, 0x40, 0x7f,
    0x56, 0x24, 0xc5, 0xcc, 0xe2, 0x23, 0x35, 0xd4, 0x37, 0x3d, 0xf6, 0xf4,
    0xaf, 0x2d, 0x35, 0xb7, 0xdc, 0x14, 0x15, 0xe7, 0x29, 0xb9, 0x1b, 0xbe,
    0xec, 0x15, 0x41, 0x12, 0x6c, 0xb2, 0xff, 0xab, 0x30, 0x03, 0x06, 0xb2,
    0xf7, 0x20, 0x0d, 0x04, 0xb4, 0xa2, 0x46, 0xdc, 0x7f, 0x4a, 0xde, 0x69,
    0xf6, 0xd7, 0x5c, 0x2c, 0x1d, 0x00, 0x54, 0xff, 0x17, 0x53, 0x3b, 0x39,
    0xdc, 0xaa, 0x36, 0xc4, 0xb3, 0xc8, 0xf4, 0xf4, 0x3f, 0x07, 0xf0, 0xcd,
    0xc6, 0xec, 0xdb, 0xe1, 0x09, 0x55, 0xca, 0x49, 0x73, 0x1b, 0x4a, 0x7f,
    0x57, 0xfe, 0x7b, 0xc0, 0xac, 0x0c, 0xc1, 0xef, 0x24, 0x13, 0xf7, 0xfa,
    0xd8, 0x0a, 0xa9, 0x13, 0x38, 0xd1, 0xe1, 0x1c, 0xd2, 0x3a, 0xf1, 0x1f,
    0x6a, 0x49, 0xdb, 0xe5, 0x08, 0xb1, 0x16, 0x38, 0xad, 0x4e, 0x7f, 0xb5,
    0xe1, 0x52, 0x1d, 0xad, 0x4c, 0xcd, 0x7f, 0x29, 0x67, 0x85, 0x4e, 0xa0,
    0xf1, 0x73, 0x09, 0x2e, 0xea, 0x79, 0x39, 0xce, 0xea, 0xbe, 0x5f, 0x2c,
    0x89, 0x1f, 0x84, 0xb3, 0x5c, 0xfe, 0x29, 0xe1, 0x09, 0xfb, 0x1b, 0xe5,
    0x7f, 0x9a, 0xc1, 0xb9, 0xbd, 0x02, 0xf2, 0xf8, 0x38, 0x02, 0x0b, 0x1c,
    0x08, 0xf1, 0x40, 0x3c, 0x7e, 0xe9, 0xcc, 0xcc, 0x0d, 0x6a, 0x0b, 0xda,
    0xcf, 0x6a, 0xe1, 0x13, 0xac, 0x0b, 0xfb, 0x45, 0x7f, 0xdf, 0x23, 0xa4,
    0x53, 0xea, 0xb0, 0xda, 0x40, 0xe7, 0xdb, 0x36, 0x9b, 0xc3, 0xfc, 0x68,
    0xe6, 0x6b, 0x1e, 0xf3, 0x07, 0xed, 0xf6, 0x7e, 0xba, 0x2e, 0x3f, 0xfe,
    0xc0, 0x53, 0x14, 0xb7, 0xdf, 0x02, 0x2b, 0x7f, 0x0e, 0x45, 0xd8, 0xce,
    0x3f, 0xe6, 0x0b, 0x61, 0xb4, 0x0c, 0xfa, 0xcb, 0xe4, 0xaf, 0x2e, 0xdc,
    0xb4, 0xe4, 0xc5, 0x30, 0x50, 0x3c, 0xb9, 0xe1, 0xfd, 0xd7, 0xee, 0x20,
    0xec, 0x37, 0xf8, 0x7f, 0xd8, 0xea, 0xcc, 0xd1, 0xf9, 0xf0, 0x34, 0xbf,
    0x48, 0x29, 0x3e, 0xc0, 0xf4, 0x0e, 0x25, 0xc3, 0x16, 0x2b, 0x01, 0xdc,
    0xf5, 0xe1, 0xb2, 0xc9, 0x0d, 0xec, 0xf1, 0x40, 0x15, 0x44, 0x64, 0x7f,
    0x15, 0xa6, 0xf9, 0x2d, 0xdf, 0xfe, 0x2a, 0xef, 0x25, 0xeb, 0x97, 0xd7,
    0xc9, 0x2d, 0x08, 0xd0, 0xcc, 0x4b, 0xae, 0x0d, 0xb6, 0x86, 0x30, 0x4f,
    0x1f, 0x02, 0x22, 0x69, 0x54, 0xd0, 0xff, 0xdf, 0xc6, 0x33, 0xf2, 0x29,
    0x07, 0xb0, 0xf6, 0xb7, 0xcb, 0xc6, 0x36, 0x7f, 0x62, 0x3e, 0xb8, 0x41,
    0x0e, 0x15, 0xfe, 0xde, 0x24, 0xbb, 0x30, 0xfc, 0x1e, 0x40, 0x29, 0x0f,
    0x01, 0xcf, 0x65, 0x7f, 0xa1, 0x0f, 0xdd, 0x3f, 0xec, 0x50, 0xe6, 0xd1,
    0xcf, 0xcf, 0x9c, 0xd1, 0x16, 0xd5, 0x6a, 0xfd, 0xab, 0xcb, 0x9c, 0xde,
    0xcb, 0x40, 0xc5, 0x32, 0xd4, 0xe0, 0x13, 0xf2, 0xee, 0x1b, 0xee, 0xd2,
    0xde, 0x21, 0x05, 0xbf, 0x01, 0xf5, 0x2e, 0x20, 0xe4, 0x0f, 0xd9, 0x08,
    0x17, 0x35, 0xef, 0x60, 0x2c, 0x26, 0x46, 0x59, 0xf9, 0xe6, 0x7f, 0x04,
    0xe0, 0xd5, 0xa7, 0xf1, 0xf9, 0x1e, 0xe9, 0x7f, 0xd0, 0x9f, 0x62, 0x06,
    0xde, 0x1c, 0xde, 0x71, 0xec, 0x79, 0xee, 0x25, 0xac, 0x3f, 0x2e, 0xd3,
    0xf9, 0xe5, 0x33, 0x1b, 0xf8, 0x0b, 0x0d, 0xb4, 0xaf, 0x0c, 0xb6, 0x3b,
    0xb1, 0x12, 0x7f, 0x0a, 0xb0, 0xc8, 0xf2, 0x36, 0xcd, 0x5d, 0xc0, 0x4d,
    0x46, 0x0b, 0x2e, 0xf7, 0xcd, 0x09, 0xef, 0xea, 0xdb, 0x4c, 0xf6, 0x29,
    0x1f, 0x06, 0xc8, 0x2e, 0x02, 0xde, 0x1d, 0xea, 0x2b, 0x46, 0x43, 0x08,
    0x53, 0xc0, 0x92, 0x08, 0x0a, 0xb5, 0x08, 0xcc, 0x2e, 0x2a, 0x06, 0x6f,
    0x56, 0xa4, 0x23, 0x4b, 0xb7, 0x27, 0x7f, 0x27, 0xd2, 0x29, 0xb6, 0x1c,
    0xdd, 0xbb, 0x59, 0xa0, 0xea, 0xee, 0xd6, 0x90, 0x93, 0xf8, 0x07, 0xab,
    0x47, 0xa4, 0xd2, 0xd7, 0x7f, 0x1d, 0xe1, 0x10, 0x4c, 0xc7, 0x95, 0x66,
    0xd0, 0x01, 0xe7, 0xe9, 0xf5, 0xda, 0x68, 0x38, 0xbf, 0x73, 0x3a, 0x35,
    0x7f, 0xe9, 0x3a, 0x0e, 0x4e, 0xb9, 0x04, 0x45, 0x3a, 0xb6, 0x4a, 0x2f,
    0x12, 0xc6, 0x45, 0x5c, 0x5e, 0x45, 0x0a, 0x4f, 0x51, 0xc4, 0x3a, 0x67,
    0xe6, 0xc7, 0x30, 0xe6, 0x17, 0xd8, 0xa0, 0xa2, 0x3b, 0xe3, 0xf7, 0xb6,
    0xbb, 0x2e, 0xb0, 0x08, 0x12, 0x0e, 0xe9, 0xe7, 0xd5, 0xeb, 0xeb, 0x7f,
    0x67, 0xbc, 0xe8, 0xc3, 0x28, 0x2c, 0x35, 0xd6, 0x66, 0x42, 0x47, 0xd3,
    0xdb, 0xf1, 0x50, 0x38, 0xfc, 0x11, 0xb6, 0xa6, 0x26, 0x05, 0xfc, 0x3e,
    0x55, 0xc4, 0xe0, 0xa0, 0x87, 0x0d, 0x59, 0x76, 0x11, 0x0a, 0xe1, 0xc8,
    0x48, 0x7a, 0x42, 0x27, 0x56, 0x7f, 0xdb, 0xa8, 0x12, 0xef, 0x36, 0xcc,
    0xf6, 0xc5, 0x76, 0x18, 0xdf, 0x8b, 0xd8, 0xec, 0xb4, 0xed, 0xd2, 0xce,
    0x6c, 0x54, 0x37, 0xd1, 0xe7, 0x23, 0x7f, 0xa7, 0xb5, 0x1d, 0x02, 0xad,
    0x40, 0x13, 0x1d, 0x41, 0x66, 0xb1, 0xaf, 0x70, 0x1b, 0xea, 0x7f, 0x01,
    0xdc, 0x11, 0xf1, 0x14, 0x35, 0x19, 0x05, 0x22, 0x55, 0xe8, 0x39, 0xc2,
    0x15, 0xcb, 0x7c, 0xf0, 0x35, 0xd1, 0xaf, 0xac, 0x9f, 0x2f, 0xc5, 0x4d,
    0x35, 0xa0, 0xc2, 0x6d, 0x07, 0xd7, 0xd4, 0x49, 0x4c, 0xcc, 0x09, 0xf9,
    0x44, 0xae, 0x6a, 0xf8, 0xfa, 0x06, 0xa4, 0xc8, 0xd9, 0xdc, 0x7f, 0xec,
    0xe3, 0x1a, 0xea, 0x07, 0xdc, 0xd9, 0x07, 0x3f, 0xfb, 0xf0, 0x26, 0x4d,
    0x64, 0x0f, 0x12, 0xe8, 0xe8, 0x0f, 0x03, 0xfa, 0xdd, 0x16, 0x41, 0xdb,
    0xc4, 0xaa, 0xcf, 0xd2, 0x58, 0x7f, 0xc1, 0x5e, 0x50, 0x53, 0xca, 0x44,
    0x40, 0xd7, 0x6e, 0xfc, 0xc0, 0x3d, 0x23, 0xd0, 0x07, 0x4d, 0xe8, 0x42,
    0xc4, 0x26, 0xc5, 0xdc, 0x4d, 0x05, 0x35, 0xf0, 0xb6, 0xdb, 0x48, 0xb0,
    0xa0, 0xe3, 0x7f, 0xb3, 0xd8, 0xa0, 0x21, 0x1a, 0xe1, 0xcf, 0xc3, 0x19,
    0x5b, 0x1c, 0xf0, 0x43, 0xba, 0x9f, 0x27, 0x0d, 0xf8, 0x27, 0xf0, 0x13,
    0x3b, 0xb0, 0x1e, 0xb8, 0x73, 0xde, 0x15, 0x7f, 0x64, 0x6d, 0xc9, 0x36,
    0x35, 0xb0, 0xfe, 0x47, 0xf8, 0x20, 0x5c, 0xa3, 0xae, 0xe8, 0x05, 0x2c,
    0x42, 0xa0, 0x0f, 0xc9, 0xa5, 0xe9, 0xbf, 0xd2, 0x3a, 0x2a, 0x32, 0xb0,
    0xad, 0xbd, 0xf3, 0x4e, 0x1d, 0x09, 0xfd, 0xb1, 0x79, 0x5d, 0x74, 0x59,
    0x43, 0xae, 0x49, 0xec, 0x81, 0x66, 0xd1, 0xab, 0xb3, 0x0a, 0xd0, 0x7f,
    0x0a, 0xfb, 0x08, 0xb4, 0x1d, 0x0a, 0x2b, 0x44, 0xe6, 0x46, 0x19, 0xd4,
    0xea, 0xb8, 0x26, 0x08, 0xf4, 0xfc, 0x0d, 0xbc, 0x39, 0xef, 0xf7, 0xee,
    0x3d, 0x29, 0xd9, 0x49, 0x4a, 0xf0, 0xb8, 0xf6, 0x25, 0xf9, 0x0c, 0x0d,
    0x22, 0xb1, 0x11, 0x1c, 0x32, 0x0e, 0xd8, 0xcf, 0x0e, 0x30, 0xdb, 0x12,
    0xf2, 0x01, 0xc8, 0x30, 0xf0, 0x20, 0x7f, 0x06, 0x12, 0x5b, 0xe4, 0xc1,
    0xdb, 0xd5, 0xe5, 0x10, 0x24, 0xae, 0xef, 0xe7, 0x30, 0xe1, 0x6f, 0x52,
    0xbd, 0x43, 0xe9, 0x26, 0x40, 0x8b, 0x0a, 0xef, 0x40, 0x86, 0x13, 0xff,
    0x20, 0xb6, 0x81, 0x5f, 0xf7, 0xef, 0x3f, 0x1d, 0xb2, 0x95, 0xdf, 0xe6,
    0xa2, 0xbd, 0x30, 0xf7, 0xe0, 0x81, 0x13, 0xc6, 0x51, 0xdf, 0xa9, 0x06,
    0x38, 0xf8, 0xf2, 0xb3, 0x69, 0x58, 0x56, 0xe3, 0xcd, 0x15, 0x69, 0x1e,
    0x37, 0x7b, 0x52, 0xe8, 0x17, 0x48, 0xfd, 0x7f, 0xc4, 0x38, 0xdd, 0x42,
    0xd3, 0x05, 0xe7, 0xc9, 0xa0, 0xc7, 0xe2, 0xca, 0xf7, 0x1d, 0xff, 0xe4,
    0xf6, 0xbe, 0xe4, 0xdd, 0x0b, 0xc6, 0x11, 0x47, 0x20, 0xe8, 0x4d, 0x24,
    0x12, 0x62, 0x58, 0x7f, 0xee, 0x47, 0xd6, 0xd7, 0x3b, 0xc0, 0x63, 0x28,
    0xd5, 0xd3, 0xbc, 0xe9, 0xb1, 0xd7, 0x29, 0xf3, 0x15, 0xac, 0xc3, 0x20,
    0xd1, 0x06, 0x0d, 0xca, 0xb5, 0xf7, 0x6b, 0x26, 0xcc, 0xca, 0x04, 0x65,
    0x4f, 0xcf, 0x50, 0xfb, 0x45, 0x26, 0x55, 0x08, 0xce, 0xeb, 0xa8, 0x03,
    0xf0, 0x22, 0x7f, 0x94, 0xad, 0xce, 0xcb, 0x02, 0x51, 0xc9, 0x15, 0xb7,
    0x12, 0xea, 0xd4, 0xfc, 0x3d, 0x2d, 0x40, 0x0a, 0x1c, 0xcb, 0x41, 0x1b,
    0x55, 0x02, 0x43, 0xc2, 0x5f, 0x7f, 0x0e, 0xcd, 0xfe, 0x35, 0x7d, 0x06,
    0xd1, 0x0a, 0xec, 0xa8, 0x1c, 0xb2, 0x0d, 0x0f, 0xf2, 0xa3, 0x08, 0xe9,
    0x1e, 0x9f, 0x1c, 0x99, 0xde, 0xf2, 0xaf, 0x56, 0x44, 0xcb, 0xc6, 0xce,
    0x4b, 0xdb, 0x37, 0x7b, 0xf1, 0xf5, 0xbc, 0x48, 0x04, 0xd1, 0x66, 0x68,
    0xdb, 0xd2, 0x7f, 0xf5, 0xa3, 0x31, 0x8b, 0xd4, 0x4f, 0x44, 0x22, 0x14,
    0xbc, 0x8e, 0xde, 0x00, 0x30, 0x61, 0x29, 0x6a, 0x3c, 0xe9, 0x94, 0xa2,
    0xbb, 0x10, 0x5e, 0x12, 0x06, 0x1b, 0x81, 0xfd, 0x01, 0x8e, 0xc3, 0x2c,
    0xcc, 0x0d, 0x0d, 0x6d, 0x23, 0x34, 0x2c, 0xcb, 0xa9, 0x25, 0xdd, 0xbc,
    0xf2, 0xe1, 0xb4, 0x27, 0xc1, 0x1a, 0x22, 0xdd, 0x5d, 0xf3, 0xaa, 0xe8,
    0x28, 0xaf, 0xb7, 0x0f, 0x17, 0x7f, 0x0a, 0xdd, 0x25, 0x55, 0x3d, 0xb3,
    0x00, 0x6b, 0x31, 0x14, 0x0b, 0x05, 0x94, 0x3d, 0x55, 0x74, 0x28, 0xae,
    0xb8, 0x7a, 0xab, 0x83, 0x90, 0xc2, 0xcc, 0xcc, 0x3f, 0x21, 0xbd, 0x29,
    0x35, 0xd1, 0x81, 0x74, 0xe7, 0xc7, 0x53, 0x1c, 0x08, 0x1c, 0xd1, 0x5a,
    0xe9, 0xbe, 0xc4, 0xf4, 0xfe, 0x21, 0xed, 0x7f, 0x7b, 0x59, 0x2b, 0xb2,
    0xa4, 0x17, 0x7f, 0xad, 0x05, 0x0d, 0xef, 0xf3, 0xea, 0x0d, 0xa2, 0x5b,
    0x04, 0xe6, 0xbe, 0x2d, 0x58, 0xc6, 0xb6, 0xc5, 0x23, 0x34, 0x13, 0x00,
    0x24, 0xe7, 0x49, 0x12, 0xd2, 0xd8, 0xcd, 0xce, 0x7f, 0x56, 0xfd, 0x18,
    0x22, 0x27, 0x12, 0xf6, 0xdd, 0x19, 0x52, 0xde, 0x22, 0x2a, 0xb3, 0xd8,
    0xa8, 0xd0, 0xc6, 0x14, 0xb6, 0xde, 0x38, 0xed, 0xbe, 0x90, 0x3f, 0xce,
    0x15, 0x2f, 0x15, 0x00, 0xdf, 0xff, 0xe2, 0x7f, 0xe4, 0x39, 0xdb, 0xaf,
    0xd4, 0x98, 0xf8, 0x30, 0x50, 0x55, 0x4f, 0xdd, 0xf1, 0xd3, 0xc0, 0x01,
    0xe3, 0xef, 0xda, 0x18, 0x2f, 0xdd, 0x18, 0x11, 0xe5, 0xbe, 0x48, 0xdf,
    0xde, 0x10, 0xf3, 0x15, 0x64, 0x1c, 0x3b, 0x7f, 0xc3, 0x5f, 0x13, 0x0f,
    0x1d, 0x48, 0x00, 0xac, 0xf3, 0xc8, 0xd4, 0xf5, 0x1a, 0x5a, 0xe0, 0xde,
    0xfd, 0xcc, 0x3d, 0xf8, 0x09, 0x2f, 0xf0, 0x31, 0x7f, 0xbf, 0xe4, 0x0c,
    0x1a, 0x25, 0xb9, 0x38, 0xd8, 0x54, 0x53, 0xc2, 0x2f, 0x1f, 0xf9, 0xfb,
    0xd9, 0x0d, 0x7d, 0xcf, 0x45, 0xe8, 0xf6, 0xb5, 0x94, 0x7f, 0x63, 0x3c,
    0x26, 0x63, 0xa9, 0xf7, 0xb9, 0xe4, 0x5b, 0x96, 0x10, 0x19, 0xf7, 0xca,
    0x0f, 0x45, 0x93, 0xed, 0xe2, 0x3a, 0x4c, 0xbf, 0x35, 0x2c, 0xcf, 0x76,
    0x5c, 0x9c, 0xfe, 0x20, 0x16, 0x14, 0xfb, 0x2d, 0x4d, 0x1d, 0x04, 0xe4,
    0xcf, 0x32, 0x7f, 0xd8, 0xef, 0xef, 0xe5, 0xcc, 0x24, 0x9d, 0xd7, 0xe4,
    0x3b, 0x15, 0x3d, 0x19, 0x2d, 0x44, 0x22, 0x7b, 0xc7, 0xed, 0x3d, 0xf5,
    0xf8, 0x7f, 0xc2, 0x1a, 0x7a, 0x49, 0x54, 0x13, 0xba, 0x20, 0xe2, 0x9e,
    0xcb, 0x95, 0xc8, 0xde, 0x0d, 0xa8, 0x29, 0xc7, 0x64, 0x1e, 0x61, 0xf1,
    0xe6, 0xfe, 0xff, 0xff, 0x04, 0x00, 0x00, 0x00, 0xc0, 0x00, 0x00, 0x00,
    0xc5, 0xfd, 0xff, 0xff, 0xf6, 0xfa, 0xff, 0xff, 0x57, 0xf2, 0xff, 0xff,
    0x13, 0xfe, 0xff, 0xff, 0xe1, 0xfb, 0xff, 0xff, 0x89, 0xfc, 0xff, 0xff,
    0x77, 0xfa, 0xff, 0xff, 0x90, 0xfc, 0xff, 0xff, 0x2c, 0x02, 0x00, 0x00,
    0x78, 0xfe, 0xff, 0xff, 0x38, 0xfc, 0xff, 0xff, 0x93, 0xf8, 0xff, 0xff,
    0xfa, 0x07, 0x00, 0x00, 0x04, 0xfa, 0xff, 0xff, 0xf6, 0xfa, 0xff, 0xff,
    0x11, 0xfe, 0xff, 0xff, 0xe4, 0xf9, 0xff, 0xff, 0xad, 0x01, 0x00, 0x00,
    0x71, 0xf1, 0xff, 0xff, 0xec, 0xf9, 0xff, 0xff, 0xa2, 0xfa, 0xff, 0xff,
    0x2f, 0xfd, 0xff, 0xff, 0xd4, 0xfb, 0xff, 0xff, 0xe4, 0xfd, 0xff, 0xff,
    0x30, 0xf7, 0xff, 0xff, 0x5f, 0x01, 0x00, 0x00, 0x35, 0xf5, 0xff, 0xff,
    0xda, 0xfd, 0xff, 0xff, 0x97, 0xfb, 0xff, 0xff, 0xc7, 0xfc, 0xff, 0xff,
    0x26, 0x01, 0x00, 0x00, 0x62, 0xfe, 0xff, 0xff, 0x5e, 0x01, 0x00, 0x00,
    0xf7, 0xff, 0xff, 0xff, 0x39, 0x01, 0x00, 0x00, 0x80, 0xf8, 0xff, 0xff,
    0x83, 0xff, 0xff, 0xff, 0xc1, 0x00, 0x00, 0x00, 0x8e, 0x03, 0x00, 0x00,
    0x3e, 0x05, 0x00, 0x00, 0x5e, 0xfd, 0xff, 0xff, 0x09, 0xfb, 0xff, 0xff,
    0xc0, 0x04, 0x00, 0x00, 0x48, 0xfb, 0xff, 0xff, 0xec, 0xf8, 0xff, 0xff,
    0x37, 0x01, 0x00, 0x00, 0x8a, 0xf8, 0xff, 0xff, 0xf9, 0xf7, 0xff, 0xff,
    0xb2, 0xff, 0xff, 0xff, 0x04, 0x00, 0x00, 0x00, 0x30, 0x00, 0x00, 0x00,
    0x2b, 0xce, 0x5a, 0x54, 0x77, 0xe8, 0x2b, 0x2b, 0x89, 0xa3, 0xd6, 0x75,
    0xad, 0x31, 0xf6, 0xe7, 0x3e, 0x27, 0x71, 0x40, 0x62, 0xb4, 0xbb, 0x9b,
    0x1d, 0xe3, 0x11, 0x7b, 0x94, 0x27, 0xaf, 0x2d, 0xa8, 0xba, 0xc7, 0xb4,
    0x77, 0x96, 0x44, 0xac, 0xd6, 0x26, 0x2b, 0x2c, 0x66, 0x93, 0x9e, 0x81,
    0xee, 0xff, 0xff, 0xff, 0x04, 0x00, 0x00, 0x00, 0x04, 0x00, 0x00, 0x00,
    0x58, 0x00, 0x00, 0x00, 0x00, 0x00, 0x06, 0x00, 0x08, 0x00, 0x04, 0x00,
    0x06, 0x00, 0x00, 0x00, 0x04, 0x00, 0x00, 0x00, 0x08, 0x00, 0x00, 0x00,
    0x01, 0x00, 0x00, 0x00, 0x02, 0x00, 0x00, 0x00, 0x60, 0xd2, 0xff, 0xff,
    0x64, 0xd2, 0xff, 0xff, 0x0f, 0x00, 0x00, 0x00, 0x4d, 0x4c, 0x49, 0x52,
    0x20, 0x43, 0x6f, 0x6e, 0x76, 0x65, 0x72, 0x74, 0x65, 0x64, 0x2e, 0x00,
    0x01, 0x00, 0x00, 0x00, 0x14, 0x00, 0x00, 0x00, 0x00, 0x00, 0x0e, 0x00,
    0x18, 0x00, 0x14, 0x00, 0x10, 0x00, 0x0c, 0x00, 0x08, 0x00, 0x04, 0x00,
    0x0e, 0x00, 0x00, 0x00, 0x14, 0x00, 0x00, 0x00, 0x1c, 0x00, 0x00, 0x00,
    0xf4, 0x02, 0x00, 0x00, 0xf8, 0x02, 0x00, 0x00, 0xfc, 0x02, 0x00, 0x00,
    0x04, 0x00, 0x00, 0x00, 0x6d, 0x61, 0x69, 0x6e, 0x00, 0x00, 0x00, 0x00,
    0x0a, 0x00, 0x00, 0x00, 0x90, 0x02, 0x00, 0x00, 0x28, 0x02, 0x00, 0x00,
    0xc8, 0x01, 0x00, 0x00, 0x80, 0x01, 0x00, 0x00, 0x2c, 0x01, 0x00, 0x00,
    0xe4, 0x00, 0x00, 0x00, 0xa0, 0x00, 0x00, 0x00, 0x6c, 0x00, 0x00, 0x00,
    0x34, 0x00, 0x00, 0x00, 0x10, 0x00, 0x00, 0x00, 0x00, 0x00, 0x0a, 0x00,
    0x10, 0x00, 0x0c, 0x00, 0x08, 0x00, 0x04, 0x00, 0x0a, 0x00, 0x00, 0x00,
    0x0c, 0x00, 0x00, 0x00, 0x10, 0x00, 0x00, 0x00, 0x04, 0x00, 0x00, 0x00,
    0x01, 0x00, 0x00, 0x00, 0x1b, 0x00, 0x00, 0x00, 0x01, 0x00, 0x00, 0x00,
    0x1a, 0x00, 0x00, 0x00, 0xd6, 0xfe, 0xff, 0xff, 0x14, 0x00, 0x00, 0x00,
    0x00, 0x00, 0x00, 0x08, 0x10, 0x00, 0x00, 0x00, 0x14, 0x00, 0x00, 0x00,
    0x03, 0x00, 0x00, 0x00, 0x28, 0xd3, 0xff, 0xff, 0x01, 0x00, 0x00, 0x00,
    0x1a, 0x00, 0x00, 0x00, 0x03, 0x00, 0x00, 0x00, 0x19, 0x00, 0x00, 0x00,
    0x03, 0x00, 0x00, 0x00, 0x02, 0x00, 0x00, 0x00, 0x0a, 0xff, 0xff, 0xff,
    0x14, 0x00, 0x00, 0x00, 0x00, 0x00, 0x00, 0x1b, 0x10, 0x00, 0x00, 0x00,
    0x14, 0x00, 0x00, 0x00, 0x02, 0x00, 0x00, 0x00, 0x5c, 0xd3, 0xff, 0xff,
    0x01, 0x00, 0x00, 0x00, 0x19, 0x00, 0x00, 0x00, 0x02, 0x00, 0x00, 0x00,
    0x18, 0x00, 0x00, 0x00, 0x01, 0x00, 0x00, 0x00, 0x36, 0xfe, 0xff, 0xff,
    0x10, 0x00, 0x00, 0x00, 0x00, 0x00, 0x00, 0x01, 0x1c, 0x00, 0x00, 0x00,
    0x20, 0x00, 0x00, 0x00, 0xe8, 0xfe, 0xff, 0xff, 0x00, 0x00, 0x00, 0x01,
    0x01, 0x00, 0x00, 0x00, 0x01, 0x00, 0x00, 0x00, 0x00, 0x00, 0x00, 0x01,
    0x01, 0x00, 0x00, 0x00, 0x18, 0x00, 0x00, 0x00, 0x03, 0x00, 0x00, 0x00,
    0x17, 0x00, 0x00, 0x00, 0x05, 0x00, 0x00, 0x00, 0x04, 0x00, 0x00, 0x00,
    0x7a, 0xff, 0xff, 0xff, 0x14, 0x00, 0x00, 0x00, 0x00, 0x00, 0x00, 0x02,
    0x20, 0x00, 0x00, 0x00, 0x24, 0x00, 0x00, 0x00, 0x01, 0x00, 0x00, 0x00,
    0xca, 0xfe, 0xff, 0xff, 0x00, 0x00, 0x00, 0x01, 0x01, 0x00, 0x00, 0x00,
    0x01, 0x00, 0x00, 0x00, 0x01, 0x00, 0x00, 0x00, 0x01, 0x00, 0x00, 0x00,
    0x17, 0x00, 0x00, 0x00, 0x03, 0x00, 0x00, 0x00, 0x16, 0x00, 0x00, 0x00,
    0x07, 0x00, 0x00, 0x00, 0x06, 0x00, 0x00, 0x00, 0xba, 0xfe, 0xff, 0xff,
    0x10, 0x00, 0x00, 0x00, 0x00, 0x00, 0x00, 0x01, 0x1c, 0x00, 0x00, 0x00,
    0x20, 0x00, 0x00, 0x00, 0x6c, 0xff, 0xff, 0xff, 0x00, 0x00, 0x00, 0x01,
    0x01, 0x00, 0x00, 0x00, 0x01, 0x00, 0x00, 0x00, 0x00, 0x00, 0x00, 0x01,
    0x01, 0x00, 0x00, 0x00, 0x16, 0x00, 0x00, 0x00, 0x03, 0x00, 0x00, 0x00,
    0x15, 0x00, 0x00, 0x00, 0x09, 0x00, 0x00, 0x00, 0x08, 0x00, 0x00, 0x00,
    0x00, 0x00, 0x0e, 0x00, 0x18, 0x00, 0x14, 0x00, 0x10, 0x00, 0x0c, 0x00,
    0x0b, 0x00, 0x04, 0x00, 0x0e, 0x00, 0x00, 0x00, 0x14, 0x00, 0x00, 0x00,
    0x00, 0x00, 0x00, 0x02, 0x20, 0x00, 0x00, 0x00, 0x24, 0x00, 0x00, 0x00,
    0x01, 0x00, 0x00, 0x00, 0x5e, 0xff, 0xff, 0xff, 0x00, 0x00, 0x00, 0x01,
    0x01, 0x00, 0x00, 0x00, 0x02, 0x00, 0x00, 0x00, 0x02, 0x00, 0x00, 0x00,
    0x01, 0x00, 0x00, 0x00, 0x15, 0x00, 0x00, 0x00, 0x03, 0x00, 0x00, 0x00,
    0x14, 0x00, 0x00, 0x00, 0x0b, 0x00, 0x00, 0x00, 0x0a, 0x00, 0x00, 0x00,
    0x4e, 0xff, 0xff, 0xff, 0x1c, 0x00, 0x00, 0x00, 0x00, 0x00, 0x00, 0x01,
    0x28, 0x00, 0x00, 0x00, 0x2c, 0x00, 0x00, 0x00, 0x0c, 0x00, 0x14, 0x00,
    0x13, 0x00, 0x0c, 0x00, 0x08, 0x00, 0x07, 0x00, 0x0c, 0x00, 0x00, 0x00,
    0x00, 0x00, 0x00, 0x01, 0x01, 0x00, 0x00, 0x00, 0x01, 0x00, 0x00, 0x00,
    0x00, 0x00, 0x00, 0x01, 0x01, 0x00, 0x00, 0x00, 0x14, 0x00, 0x00, 0x00,
    0x03, 0x00, 0x00, 0x00, 0x13, 0x00, 0x00, 0x00, 0x0d, 0x00, 0x00, 0x00,
    0x0c, 0x00, 0x00, 0x00, 0x00, 0x00, 0x0e, 0x00, 0x1a, 0x00, 0x14, 0x00,
    0x10, 0x00, 0x0c, 0x00, 0x0b, 0x00, 0x04, 0x00, 0x0e, 0x00, 0x00, 0x00,
    0x24, 0x00, 0x00, 0x00, 0x00, 0x00, 0x00, 0x02, 0x30, 0x00, 0x00, 0x00,
    0x34, 0x00, 0x00, 0x00, 0x01, 0x00, 0x00, 0x00, 0x00, 0x00, 0x0e, 0x00,
    0x14, 0x00, 0x00, 0x00, 0x10, 0x00, 0x0c, 0x00, 0x08, 0x00, 0x07, 0x00,
    0x0e, 0x00, 0x00, 0x00, 0x00, 0x00, 0x00, 0x01, 0x01, 0x00, 0x00, 0x00,
    0x02, 0x00, 0x00, 0x00, 0x02, 0x00, 0x00, 0x00, 0x01, 0x00, 0x00, 0x00,
    0x13, 0x00, 0x00, 0x00, 0x03, 0x00, 0x00, 0x00, 0x12, 0x00, 0x00, 0x00,
    0x0f, 0x00, 0x00, 0x00, 0x0e, 0x00, 0x00, 0x00, 0x00, 0x00, 0x0e, 0x00,
    0x14, 0x00, 0x00, 0x00, 0x10, 0x00, 0x0c, 0x00, 0x0b, 0x00, 0x04, 0x00,
    0x0e, 0x00, 0x00, 0x00, 0x1c, 0x00, 0x00, 0x00, 0x00, 0x00, 0x00, 0x01,
    0x24, 0x00, 0x00, 0x00, 0x28, 0x00, 0x00, 0x00, 0x0c, 0x00, 0x10, 0x00,
    0x00, 0x00, 0x0c, 0x00, 0x08, 0x00, 0x07, 0x00, 0x0c, 0x00, 0x00, 0x00,
    0x00, 0x00, 0x00, 0x01, 0x01, 0x00, 0x00, 0x00, 0x01, 0x00, 0x00, 0x00,
    0x01, 0x00, 0x00, 0x00, 0x12, 0x00, 0x00, 0x00, 0x03, 0x00, 0x00, 0x00,
    0x00, 0x00, 0x00, 0x00, 0x11, 0x00, 0x00, 0x00, 0x10, 0x00, 0x00, 0x00,
    0x01, 0x00, 0x00, 0x00, 0x1b, 0x00, 0x00, 0x00, 0x01, 0x00, 0x00, 0x00,
    0x00, 0x00, 0x00, 0x00, 0x1c, 0x00, 0x00, 0x00, 0xc4, 0x2a, 0x00, 0x00,
    0x38, 0x2a, 0x00, 0x00, 0xb0, 0x29, 0x00, 0x00, 0x34, 0x29, 0x00, 0x00,
    0x08, 0x26, 0x00, 0x00, 0x54, 0x23, 0x00, 0x00, 0x78, 0x20, 0x00, 0x00,
    0xfc, 0x1d, 0x00, 0x00, 0x78, 0x1b, 0x00, 0x00, 0x84, 0x19, 0x00, 0x00,
    0x08, 0x17, 0x00, 0x00, 0x00, 0x15, 0x00, 0x00, 0xf8, 0x12, 0x00, 0x00,
    0x64, 0x11, 0x00, 0x00, 0x48, 0x0f, 0x00, 0x00, 0xa0, 0x0d, 0x00, 0x00,
    0x00, 0x0c, 0x00, 0x00, 0xcc, 0x0a, 0x00, 0x00, 0xb8, 0x09, 0x00, 0x00,
    0x2c, 0x08, 0x00, 0x00, 0x10, 0x07, 0x00, 0x00, 0x84, 0x05, 0x00, 0x00,
    0x68, 0x04, 0x00, 0x00, 0xdc, 0x02, 0x00, 0x00, 0xc0, 0x01, 0x00, 0x00,
    0x2c, 0x01, 0x00, 0x00, 0x80, 0x00, 0x00, 0x00, 0x04, 0x00, 0x00, 0x00,
    0xc2, 0xd5, 0xff, 0xff, 0x00, 0x00, 0x00, 0x01, 0x18, 0x00, 0x00, 0x00,
    0x20, 0x00, 0x00, 0x00, 0x3c, 0x00, 0x00, 0x00, 0x1c, 0x00, 0x00, 0x00,
    0x00, 0x00, 0x00, 0x09, 0x50, 0x00, 0x00, 0x00, 0x02, 0x00, 0x00, 0x00,
    0xff, 0xff, 0xff, 0xff, 0x01, 0x00, 0x00, 0x00, 0xa4, 0xd5, 0xff, 0xff,
    0x08, 0x00, 0x00, 0x00, 0x10, 0x00, 0x00, 0x00, 0x01, 0x00, 0x00, 0x00,
    0x80, 0xff, 0xff, 0xff, 0xff, 0xff, 0xff, 0xff, 0x01, 0x00, 0x00, 0x00,
    0x00, 0x00, 0x80, 0x3b, 0x1b, 0x00, 0x00, 0x00, 0x53, 0x74, 0x61, 0x74,
    0x65, 0x66, 0x75, 0x6c, 0x50, 0x61, 0x72, 0x74, 0x69, 0x74, 0x69, 0x6f,
    0x6e, 0x65, 0x64, 0x43, 0x61, 0x6c, 0x6c, 0x5f, 0x31, 0x3a, 0x30, 0x00,
    0x02, 0x00, 0x00, 0x00, 0x01, 0x00, 0x00, 0x00, 0x01, 0x00, 0x00, 0x00,
    0x3a, 0xd6, 0xff, 0xff, 0x00, 0x00, 0x00, 0x01, 0x18, 0x00, 0x00, 0x00,
    0x20, 0x00, 0x00, 0x00, 0x3c, 0x00, 0x00, 0x00, 0x1b, 0x00, 0x00, 0x00,
    0x00, 0x00, 0x00, 0x09, 0x80, 0x00, 0x00, 0x00, 0x02, 0x00, 0x00, 0x00,
    0xff, 0xff, 0xff, 0xff, 0x01, 0x00, 0x00, 0x00, 0x1c, 0xd6, 0xff, 0xff,
    0x08, 0x00, 0x00, 0x00, 0x10, 0x00, 0x00, 0x00, 0x01, 0x00, 0x00, 0x00,
    0xbe, 0xff, 0xff, 0xff, 0xff, 0xff, 0xff, 0xff, 0x01, 0x00, 0x00, 0x00,
    0x86, 0xfb, 0x37, 0x3d, 0x4a, 0x00, 0x00, 0x00, 0x66, 0x75, 0x6e, 0x63,
    0x74, 0x69, 0x6f, 0x6e, 0x61, 0x6c, 0x5f, 0x31, 0x2f, 0x72, 0x69, 0x73,
    0x6b, 0x5f, 0x70, 0x72, 0x6f, 0x62, 0x61, 0x62, 0x69, 0x6c, 0x69, 0x74,
    0x79, 0x5f, 0x31, 0x2f, 0x4d, 0x61, 0x74, 0x4d, 0x75, 0x6c, 0x3b, 0x66,
    0x75, 0x6e, 0x63, 0x74, 0x69, 0x6f, 0x6e, 0x61, 0x6c, 0x5f, 0x31, 0x2f,
    0x72, 0x69, 0x73, 0x6b, 0x5f, 0x70, 0x72, 0x6f, 0x62, 0x61, 0x62, 0x69,
    0x6c, 0x69, 0x74, 0x79, 0x5f, 0x31, 0x2f, 0x41, 0x64, 0x64, 0x00, 0x00,
    0x02, 0x00, 0x00, 0x00, 0x01, 0x00, 0x00, 0x00, 0x01, 0x00, 0x00, 0x00,
    0xe2, 0xd6, 0xff, 0xff, 0x00, 0x00, 0x00, 0x01, 0x18, 0x00, 0x00, 0x00,
    0x20, 0x00, 0x00, 0x00, 0x40, 0x00, 0x00, 0x00, 0x1a, 0x00, 0x00, 0x00,
    0x00, 0x00, 0x00, 0x09, 0x68, 0x00, 0x00, 0x00, 0x02, 0x00, 0x00, 0x00,
    0xff, 0xff, 0xff, 0xff, 0x30, 0x00, 0x00, 0x00, 0xc4, 0xd6, 0xff, 0xff,
    0x08, 0x00, 0x00, 0x00, 0x14, 0x00, 0x00, 0x00, 0x01, 0x00, 0x00, 0x00,
    0x80, 0xff, 0xff, 0xff, 0xff, 0xff, 0xff, 0xff, 0x00, 0x00, 0x00, 0x00,
    0x01, 0x00, 0x00, 0x00, 0x2b, 0x81, 0x6d, 0x3c, 0x2c, 0x00, 0x00, 0x00,
    0x66, 0x75, 0x6e, 0x63, 0x74, 0x69, 0x6f, 0x6e, 0x61, 0x6c, 0x5f, 0x31,
    0x2f, 0x67, 0x6c, 0x6f, 0x62, 0x61, 0x6c, 0x5f, 0x61, 0x76, 0x65, 0x72,
    0x61, 0x67, 0x65, 0x5f, 0x70, 0x6f, 0x6f, 0x6c, 0x69, 0x6e, 0x67, 0x32,
    0x64, 0x5f, 0x31, 0x2f, 0x4d, 0x65, 0x61, 0x6e, 0x00, 0x00, 0x00, 0x00,
    0x02, 0x00, 0x00, 0x00, 0x01, 0x00, 0x00, 0x00, 0x30, 0x00, 0x00, 0x00,
    0x72, 0xd7, 0xff, 0xff, 0x00, 0x00, 0x00, 0x01, 0x18, 0x00, 0x00, 0x00,
    0x28, 0x00, 0x00, 0x00, 0x44, 0x00, 0x00, 0x00, 0x19, 0x00, 0x00, 0x00,
    0x00, 0x00, 0x00, 0x09, 0xe8, 0x00, 0x00, 0x00, 0x04, 0x00, 0x00, 0x00,
    0xff, 0xff, 0xff, 0xff, 0x0d, 0x00, 0x00, 0x00, 0x08, 0x00, 0x00, 0x00,
    0x30, 0x00, 0x00, 0x00, 0x5c, 0xd7, 0xff, 0xff, 0x08, 0x00, 0x00, 0x00,
    0x10, 0x00, 0x00, 0x00, 0x01, 0x00, 0x00, 0x00, 0x80, 0xff, 0xff, 0xff,
    0xff, 0xff, 0xff, 0xff, 0x01, 0x00, 0x00, 0x00, 0x74, 0x87, 0x60, 0x3d,
    0xa8, 0x00, 0x00, 0x00, 0x66, 0x75, 0x6e, 0x63, 0x74, 0x69, 0x6f, 0x6e,
    0x61, 0x6c, 0x5f, 0x31, 0x2f, 0x72, 0x65, 0x5f, 0x6c, 0x75, 0x5f, 0x36,
    0x5f, 0x31, 0x2f, 0x52, 0x65, 0x6c, 0x75, 0x3b, 0x66, 0x75, 0x6e, 0x63,
    0x74, 0x69, 0x6f, 0x6e, 0x61, 0x6c, 0x5f, 0x31, 0x2f, 0x62, 0x61, 0x74,
    0x63, 0x68, 0x5f, 0x6e, 0x6f, 0x72, 0x6d, 0x61, 0x6c, 0x69, 0x7a, 0x61,
    0x74, 0x69, 0x6f, 0x6e, 0x5f, 0x36, 0x5f, 0x31, 0x2f, 0x62, 0x61, 0x74,
    0x63, 0x68, 0x6e, 0x6f, 0x72, 0x6d, 0x2f, 0x61, 0x64, 0x64, 0x5f, 0x31,
    0x3b, 0x66, 0x75, 0x6e, 0x63, 0x74, 0x69, 0x6f, 0x6e, 0x61, 0x6c, 0x5f,
    0x31, 0x2f, 0x63, 0x6f, 0x6e, 0x76, 0x32, 0x64, 0x5f, 0x33, 0x5f, 0x31,
    0x2f, 0x63, 0x6f, 0x6e, 0x76, 0x6f, 0x6c, 0x75, 0x74, 0x69, 0x6f, 0x6e,
    0x3b, 0x66, 0x75, 0x6e, 0x63, 0x74, 0x69, 0x6f, 0x6e, 0x61, 0x6c, 0x5f,
    0x31, 0x2f, 0x62, 0x61, 0x74, 0x63, 0x68, 0x5f, 0x6e, 0x6f, 0x72, 0x6d,
    0x61, 0x6c, 0x69, 0x7a, 0x61, 0x74, 0x69, 0x6f, 0x6e, 0x5f, 0x36, 0x5f,
    0x31, 0x2f, 0x62, 0x61, 0x74, 0x63, 0x68, 0x6e, 0x6f, 0x72, 0x6d, 0x2f,
    0x73, 0x75, 0x62, 0x31, 0x00, 0x00, 0x00, 0x00, 0x04, 0x00, 0x00, 0x00,
    0x01, 0x00, 0x00, 0x00, 0x0d, 0x00, 0x00, 0x00, 0x08, 0x00, 0x00, 0x00,
    0x30, 0x00, 0x00, 0x00, 0x8a, 0xd8, 0xff, 0xff, 0x00, 0x00, 0x00, 0x01,
    0x18, 0x00, 0x00, 0x00, 0x28, 0x00, 0x00, 0x00, 0x44, 0x00, 0x00, 0x00,
    0x18, 0x00, 0x00, 0x00, 0x00, 0x00, 0x00, 0x09, 0x58, 0x01, 0x00, 0x00,
    0x04, 0x00, 0x00, 0x00, 0xff, 0xff, 0xff, 0xff, 0x0d, 0x00, 0x00, 0x00,
    0x08, 0x00, 0x00, 0x00, 0x20, 0x00, 0x00, 0x00, 0x74, 0xd8, 0xff, 0xff,
    0x08, 0x00, 0x00, 0x00, 0x10, 0x00, 0x00, 0x00, 0x01, 0x00, 0x00, 0x00,
    0x80, 0xff, 0xff, 0xff, 0xff, 0xff, 0xff, 0xff, 0x01, 0x00, 0x00, 0x00,
    0x79, 0x7d, 0x4f, 0x3d, 0x18, 0x01, 0x00, 0x00, 0x66, 0x75, 0x6e, 0x63,
    0x74, 0x69, 0x6f, 0x6e, 0x61, 0x6c, 0x5f, 0x31, 0x2f, 0x72, 0x65, 0x5f,
    0x6c, 0x75, 0x5f, 0x35, 0x5f, 0x31, 0x2f, 0x52, 0x65, 0x6c, 0x75, 0x3b,
    0x66, 0x75, 0x6e, 0x63, 0x74, 0x69, 0x6f, 0x6e, 0x61, 0x6c, 0x5f, 0x31,
    0x2f, 0x62, 0x61, 0x74, 0x63, 0x68, 0x5f, 0x6e, 0x6f, 0x72, 0x6d, 0x61,
    0x6c, 0x69, 0x7a, 0x61, 0x74, 0x69, 0x6f, 0x6e, 0x5f, 0x35, 0x5f, 0x31,
    0x2f, 0x62, 0x61, 0x74, 0x63, 0x68, 0x6e, 0x6f, 0x72, 0x6d, 0x2f, 0x61,
    0x64, 0x64, 0x5f, 0x31, 0x3b, 0x66, 0x75, 0x6e, 0x63, 0x74, 0x69, 0x6f,
    0x6e, 0x61, 0x6c, 0x5f, 0x31, 0x2f, 0x62, 0x61, 0x74, 0x63, 0x68, 0x5f,
    0x6e, 0x6f, 0x72, 0x6d, 0x61, 0x6c, 0x69, 0x7a, 0x61, 0x74, 0x69, 0x6f,
    0x6e, 0x5f, 0x35, 0x5f, 0x31, 0x2f, 0x62, 0x61, 0x74, 0x63, 0x68, 0x6e,
    0x6f, 0x72, 0x6d, 0x2f, 0x6d, 0x75, 0x6c, 0x5f, 0x31, 0x3b, 0x66, 0x75,
    0x6e, 0x63, 0x74, 0x69, 0x6f, 0x6e, 0x61, 0x6c, 0x5f, 0x31, 0x2f, 0x64,
    0x65, 0x70, 0x74, 0x68, 0x77, 0x69, 0x73, 0x65, 0x5f, 0x63, 0x6f, 0x6e,
    0x76, 0x32, 0x64, 0x5f, 0x32, 0x5f, 0x31, 0x2f, 0x64, 0x65, 0x70, 0x74,
    0x68, 0x77, 0x69, 0x73, 0x65, 0x3b, 0x66, 0x75, 0x6e, 0x63, 0x74, 0x69,
    0x6f, 0x6e, 0x61, 0x6c, 0x5f, 0x31, 0x2f, 0x62, 0x61, 0x74, 0x63, 0x68,
    0x5f, 0x6e, 0x6f, 0x72, 0x6d, 0x61, 0x6c, 0x69, 0x7a, 0x61, 0x74, 0x69,
    0x6f, 0x6e, 0x5f, 0x35, 0x5f, 0x31, 0x2f, 0x62, 0x61, 0x74, 0x63, 0x68,
    0x6e, 0x6f, 0x72, 0x6d, 0x2f, 0x6d, 0x75, 0x6c, 0x3b, 0x66, 0x75, 0x6e,
    0x63, 0x74, 0x69, 0x6f, 0x6e, 0x61, 0x6c, 0x5f, 0x31, 0x2f, 0x62, 0x61,
    0x74, 0x63, 0x68, 0x5f, 0x6e, 0x6f, 0x72, 0x6d, 0x61, 0x6c, 0x69, 0x7a,
    0x61, 0x74, 0x69, 0x6f, 0x6e, 0x5f, 0x35, 0x5f, 0x31, 0x2f, 0x62, 0x61,
    0x74, 0x63, 0x68, 0x6e, 0x6f, 0x72, 0x6d, 0x2f, 0x73, 0x75, 0x62, 0x31,
    0x00, 0x00, 0x00, 0x00, 0x04, 0x00, 0x00, 0x00, 0x01, 0x00, 0x00, 0x00,
    0x0d, 0x00, 0x00, 0x00, 0x08, 0x00, 0x00, 0x00, 0x20, 0x00, 0x00, 0x00,
    0x12, 0xda, 0xff, 0xff, 0x00, 0x00, 0x00, 0x01, 0x18, 0x00, 0x00, 0x00,
    0x28, 0x00, 0x00, 0x00, 0x44, 0x00, 0x00, 0x00, 0x17, 0x00, 0x00, 0x00,
    0x00, 0x00, 0x00, 0x09, 0xe8, 0x00, 0x00, 0x00, 0x04, 0x00, 0x00, 0x00,
    0xff, 0xff, 0xff, 0xff, 0x0d, 0x00, 0x00, 0x00, 0x08, 0x00, 0x00, 0x00,
    0x20, 0x00, 0x00, 0x00, 0xfc, 0xd9, 0xff, 0xff, 0x08, 0x00, 0x00, 0x00,
    0x10, 0x00, 0x00, 0x00, 0x01, 0x00, 0x00, 0x00, 0x80, 0xff, 0xff, 0xff,
    0xff, 0xff, 0xff, 0xff, 0x01, 0x00, 0x00, 0x00, 0xf9, 0x17, 0x18, 0x3d,
    0xa8, 0x00, 0x00, 0x00, 0x66, 0x75, 0x6e, 0x63, 0x74, 0x69, 0x6f, 0x6e,
    0x61, 0x6c, 0x5f, 0x31, 0x2f, 0x72, 0x65, 0x5f, 0x6c, 0x75, 0x5f, 0x34,
    0x5f, 0x31, 0x2f, 0x52, 0x65, 0x6c, 0x75, 0x3b, 0x66, 0x75, 0x6e, 0x63,
    0x74, 0x69, 0x6f, 0x6e, 0x61, 0x6c, 0x5f, 0x31, 0x2f, 0x62, 0x61, 0x74,
    0x63, 0x68, 0x5f, 0x6e, 0x6f, 0x72, 0x6d, 0x61, 0x6c, 0x69, 0x7a, 0x61,
    0x74, 0x69, 0x6f, 0x6e, 0x5f, 0x34, 0x5f, 0x31, 0x2f, 0x62, 0x61, 0x74,
    0x63, 0x68, 0x6e, 0x6f, 0x72, 0x6d, 0x2f, 0x61, 0x64, 0x64, 0x5f, 0x31,
    0x3b, 0x66, 0x75, 0x6e, 0x63, 0x74, 0x69, 0x6f, 0x6e, 0x61, 0x6c, 0x5f,
    0x31, 0x2f, 0x63, 0x6f, 0x6e, 0x76, 0x32, 0x64, 0x5f, 0x32, 0x5f, 0x31,
    0x2f, 0x63, 0x6f, 0x6e, 0x76, 0x6f, 0x6c, 0x75, 0x74, 0x69, 0x6f, 0x6e,
    0x3b, 0x66, 0x75, 0x6e, 0x63, 0x74, 0x69, 0x6f, 0x6e, 0x61, 0x6c, 0x5f,
    0x31, 0x2f, 0x62, 0x61, 0x74, 0x63, 0x68, 0x5f, 0x6e, 0x6f, 0x72, 0x6d,
    0x61, 0x6c, 0x69, 0x7a, 0x61, 0x74, 0x69, 0x6f, 0x6e, 0x5f, 0x34, 0x5f,
    0x31, 0x2f, 0x62, 0x61, 0x74, 0x63, 0x68, 0x6e, 0x6f, 0x72, 0x6d, 0x2f,
    0x73, 0x75, 0x62, 0x31, 0x00, 0x00, 0x00, 0x00, 0x04, 0x00, 0x00, 0x00,
    0x01, 0x00, 0x00, 0x00, 0x0d, 0x00, 0x00, 0x00, 0x08, 0x00, 0x00, 0x00,
    0x20, 0x00, 0x00, 0x00, 0x2a, 0xdb, 0xff, 0xff, 0x00, 0x00, 0x00, 0x01,
    0x18, 0x00, 0x00, 0x00, 0x28, 0x00, 0x00, 0x00, 0x44, 0x00, 0x00, 0x00,
    0x16, 0x00, 0x00, 0x00, 0x00, 0x00, 0x00, 0x09, 0x58, 0x01, 0x00, 0x00,
    0x04, 0x00, 0x00, 0x00, 0xff, 0xff, 0xff, 0xff, 0x0d, 0x00, 0x00, 0x00,
    0x08, 0x00, 0x00, 0x00, 0x18, 0x00, 0x00, 0x00, 0x14, 0xdb, 0xff, 0xff,
    0x08, 0x00, 0x00, 0x00, 0x10, 0x00, 0x00, 0x00, 0x01, 0x00, 0x00, 0x00,
    0x80, 0xff, 0xff, 0xff, 0xff, 0xff, 0xff, 0xff, 0x01, 0x00, 0x00, 0x00,
    0xad, 0x98, 0x2f, 0x3d, 0x18, 0x01, 0x00, 0x00, 0x66, 0x75, 0x6e, 0x63,
    0x74, 0x69, 0x6f, 0x6e, 0x61, 0x6c, 0x5f, 0x31, 0x2f, 0x72, 0x65, 0x5f,
    0x6c, 0x75, 0x5f, 0x33, 0x5f, 0x31, 0x2f, 0x52, 0x65, 0x6c, 0x75, 0x3b,
    0x66, 0x75, 0x6e, 0x63, 0x74, 0x69, 0x6f, 0x6e, 0x61, 0x6c, 0x5f, 0x31,
    0x2f, 0x62, 0x61, 0x74, 0x63, 0x68, 0x5f, 0x6e, 0x6f, 0x72, 0x6d, 0x61,
    0x6c, 0x69, 0x7a, 0x61, 0x74, 0x69, 0x6f, 0x6e, 0x5f, 0x33, 0x5f, 0x31,
    0x2f, 0x62, 0x61, 0x74, 0x63, 0x68, 0x6e, 0x6f, 0x72, 0x6d, 0x2f, 0x61,
    0x64, 0x64, 0x5f, 0x31, 0x3b, 0x66, 0x75, 0x6e, 0x63, 0x74, 0x69, 0x6f,
    0x6e, 0x61, 0x6c, 0x5f, 0x31, 0x2f, 0x62, 0x61, 0x74, 0x63, 0x68, 0x5f,
    0x6e, 0x6f, 0x72, 0x6d, 0x61, 0x6c, 0x69, 0x7a, 0x61, 0x74, 0x69, 0x6f,
    0x6e, 0x5f, 0x33, 0x5f, 0x31, 0x2f, 0x62, 0x61, 0x74, 0x63, 0x68, 0x6e,
    0x6f, 0x72, 0x6d, 0x2f, 0x6d, 0x75, 0x6c, 0x5f, 0x31, 0x3b, 0x66, 0x75,
    0x6e, 0x63, 0x74, 0x69, 0x6f, 0x6e, 0x61, 0x6c, 0x5f, 0x31, 0x2f, 0x64,
    0x65, 0x70, 0x74, 0x68, 0x77, 0x69, 0x73, 0x65, 0x5f, 0x63, 0x6f, 0x6e,
    0x76, 0x32, 0x64, 0x5f, 0x31, 0x5f, 0x32, 0x2f, 0x64, 0x65, 0x70, 0x74,
    0x68, 0x77, 0x69, 0x73, 0x65, 0x3b, 0x66, 0x75, 0x6e, 0x63, 0x74, 0x69,
    0x6f, 0x6e, 0x61, 0x6c, 0x5f, 0x31, 0x2f, 0x62, 0x61, 0x74, 0x63, 0x68,
    0x5f, 0x6e, 0x6f, 0x72, 0x6d, 0x61, 0x6c, 0x69, 0x7a, 0x61, 0x74, 0x69,
    0x6f, 0x6e, 0x5f, 0x33, 0x5f, 0x31, 0x2f, 0x62, 0x61, 0x74, 0x63, 0x68,
    0x6e, 0x6f, 0x72, 0x6d, 0x2f, 0x6d, 0x75, 0x6c, 0x3b, 0x66, 0x75, 0x6e,
    0x63, 0x74, 0x69, 0x6f, 0x6e, 0x61, 0x6c, 0x5f, 0x31, 0x2f, 0x62, 0x61,
    0x74, 0x63, 0x68, 0x5f, 0x6e, 0x6f, 0x72, 0x6d, 0x61, 0x6c, 0x69, 0x7a,
    0x61, 0x74, 0x69, 0x6f, 0x6e, 0x5f, 0x33, 0x5f, 0x31, 0x2f, 0x62, 0x61,
    0x74, 0x63, 0x68, 0x6e, 0x6f, 0x72, 0x6d, 0x2f, 0x73, 0x75, 0x62, 0x31,
    0x00, 0x00, 0x00, 0x00, 0x04, 0x00, 0x00, 0x00, 0x01, 0x00, 0x00, 0x00,
    0x0d, 0x00, 0x00, 0x00, 0x08, 0x00, 0x00, 0x00, 0x18, 0x00, 0x00, 0x00,
    0xb2, 0xdc, 0xff, 0xff, 0x00, 0x00, 0x00, 0x01, 0x18, 0x00, 0x00, 0x00,
    0x28, 0x00, 0x00, 0x00, 0x44, 0x00, 0x00, 0x00, 0x15, 0x00, 0x00, 0x00,
    0x00, 0x00, 0x00, 0x09, 0xe8, 0x00, 0x00, 0x00, 0x04, 0x00, 0x00, 0x00,
    0xff, 0xff, 0xff, 0xff, 0x19, 0x00, 0x00, 0x00, 0x10, 0x00, 0x00, 0x00,
    0x18, 0x00, 0x00, 0x00, 0x9c, 0xdc, 0xff, 0xff, 0x08, 0x00, 0x00, 0x00,
    0x10, 0x00, 0x00, 0x00, 0x01, 0x00, 0x00, 0x00, 0x80, 0xff, 0xff, 0xff,
    0xff, 0xff, 0xff, 0xff, 0x01, 0x00, 0x00, 0x00, 0xea, 0x89, 0x03, 0x3d,
    0xa8, 0x00, 0x00, 0x00, 0x66, 0x75, 0x6e, 0x63, 0x74, 0x69, 0x6f, 0x6e,
    0x61, 0x6c, 0x5f, 0x31, 0x2f, 0x72, 0x65, 0x5f, 0x6c, 0x75, 0x5f, 0x32,
    0x5f, 0x31, 0x2f, 0x52, 0x65, 0x6c, 0x75, 0x3b, 0x66, 0x75, 0x6e, 0x63,
    0x74, 0x69, 0x6f, 0x6e, 0x61, 0x6c, 0x5f, 0x31, 0x2f, 0x62, 0x61, 0x74,
    0x63, 0x68, 0x5f, 0x6e, 0x6f, 0x72, 0x6d, 0x61, 0x6c, 0x69, 0x7a, 0x61,
    0x74, 0x69, 0x6f, 0x6e, 0x5f, 0x32, 0x5f, 0x31, 0x2f, 0x62, 0x61, 0x74,
    0x63, 0x68, 0x6e, 0x6f, 0x72, 0x6d, 0x2f, 0x61, 0x64, 0x64, 0x5f, 0x31,
    0x3b, 0x66, 0x75, 0x6e, 0x63, 0x74, 0x69, 0x6f, 0x6e, 0x61, 0x6c, 0x5f,
    0x31, 0x2f, 0x63, 0x6f, 0x6e, 0x76, 0x32, 0x64, 0x5f, 0x31, 0x5f, 0x32,
    0x2f, 0x63, 0x6f, 0x6e, 0x76, 0x6f, 0x6c, 0x75, 0x74, 0x69, 0x6f, 0x6e,
    0x3b, 0x66, 0x75, 0x6e, 0x63, 0x74, 0x69, 0x6f, 0x6e, 0x61, 0x6c, 0x5f,
    0x31, 0x2f, 0x62, 0x61, 0x74, 0x63, 0x68, 0x5f, 0x6e, 0x6f, 0x72, 0x6d,
    0x61, 0x6c, 0x69, 0x7a, 0x61, 0x74, 0x69, 0x6f, 0x6e, 0x5f, 0x32, 0x5f,
    0x31, 0x2f, 0x62, 0x61, 0x74, 0x63, 0x68, 0x6e, 0x6f, 0x72, 0x6d, 0x2f,
    0x73, 0x75, 0x62, 0x31, 0x00, 0x00, 0x00, 0x00, 0x04, 0x00, 0x00, 0x00,
    0x01, 0x00, 0x00, 0x00, 0x19, 0x00, 0x00, 0x00, 0x10, 0x00, 0x00, 0x00,
    0x18, 0x00, 0x00, 0x00, 0xca, 0xdd, 0xff, 0xff, 0x00, 0x00, 0x00, 0x01,
    0x18, 0x00, 0x00, 0x00, 0x28, 0x00, 0x00, 0x00, 0x48, 0x00, 0x00, 0x00,
    0x14, 0x00, 0x00, 0x00, 0x00, 0x00, 0x00, 0x09, 0x58, 0x01, 0x00, 0x00,
    0x04, 0x00, 0x00, 0x00, 0xff, 0xff, 0xff, 0xff, 0x19, 0x00, 0x00, 0x00,
    0x10, 0x00, 0x00, 0x00, 0x10, 0x00, 0x00, 0x00, 0xb4, 0xdd, 0xff, 0xff,
    0x08, 0x00, 0x00, 0x00, 0x14, 0x00, 0x00, 0x00, 0x01, 0x00, 0x00, 0x00,
    0x80, 0xff, 0xff, 0xff, 0xff, 0xff, 0xff, 0xff, 0x00, 0x00, 0x00, 0x00,
    0x01, 0x00, 0x00, 0x00, 0xb3, 0xa9, 0x16, 0x3d, 0x16, 0x01, 0x00, 0x00,
    0x66, 0x75, 0x6e, 0x63, 0x74, 0x69, 0x6f, 0x6e, 0x61, 0x6c, 0x5f, 0x31,
    0x2f, 0x72, 0x65, 0x5f, 0x6c, 0x75, 0x5f, 0x31, 0x5f, 0x32, 0x2f, 0x52,
    0x65, 0x6c, 0x75, 0x3b, 0x66, 0x75, 0x6e, 0x63, 0x74, 0x69, 0x6f, 0x6e,
    0x61, 0x6c, 0x5f, 0x31, 0x2f, 0x62, 0x61, 0x74, 0x63, 0x68, 0x5f, 0x6e,
    0x6f, 0x72, 0x6d, 0x61, 0x6c, 0x69, 0x7a, 0x61, 0x74, 0x69, 0x6f, 0x6e,
    0x5f, 0x31, 0x5f, 0x32, 0x2f, 0x62, 0x61, 0x74, 0x63, 0x68, 0x6e, 0x6f,
    0x72, 0x6d, 0x2f, 0x61, 0x64, 0x64, 0x5f, 0x31, 0x3b, 0x66, 0x75, 0x6e,
    0x63, 0x74, 0x69, 0x6f, 0x6e, 0x61, 0x6c, 0x5f, 0x31, 0x2f, 0x62, 0x61,
    0x74, 0x63, 0x68, 0x5f, 0x6e, 0x6f, 0x72, 0x6d, 0x61, 0x6c, 0x69, 0x7a,
    0x61, 0x74, 0x69, 0x6f, 0x6e, 0x5f, 0x31, 0x5f, 0x32, 0x2f, 0x62, 0x61,
    0x74, 0x63, 0x68, 0x6e, 0x6f, 0x72, 0x6d, 0x2f, 0x6d, 0x75, 0x6c, 0x5f,
    0x31, 0x3b, 0x66, 0x75, 0x6e, 0x63, 0x74, 0x69, 0x6f, 0x6e, 0x61, 0x6c,
    0x5f, 0x31, 0x2f, 0x64, 0x65, 0x70, 0x74, 0x68, 0x77, 0x69, 0x73, 0x65,
    0x5f, 0x63, 0x6f, 0x6e, 0x76, 0x32, 0x64, 0x5f, 0x31, 0x2f, 0x64, 0x65,
    0x70, 0x74, 0x68, 0x77, 0x69, 0x73, 0x65, 0x3b, 0x66, 0x75, 0x6e, 0x63,
    0x74, 0x69, 0x6f, 0x6e, 0x61, 0x6c, 0x5f, 0x31, 0x2f, 0x62, 0x61, 0x74,
    0x63, 0x68, 0x5f, 0x6e, 0x6f, 0x72, 0x6d, 0x61, 0x6c, 0x69, 0x7a, 0x61,
    0x74, 0x69, 0x6f, 0x6e, 0x5f, 0x31, 0x5f, 0x32, 0x2f, 0x62, 0x61, 0x74,
    0x63, 0x68, 0x6e, 0x6f, 0x72, 0x6d, 0x2f, 0x6d, 0x75, 0x6c, 0x3b, 0x66,
    0x75, 0x6e, 0x63, 0x74, 0x69, 0x6f, 0x6e, 0x61, 0x6c, 0x5f, 0x31, 0x2f,
    0x62, 0x61, 0x74, 0x63, 0x68, 0x5f, 0x6e, 0x6f, 0x72, 0x6d, 0x61, 0x6c,
    0x69, 0x7a, 0x61, 0x74, 0x69, 0x6f, 0x6e, 0x5f, 0x31, 0x5f, 0x32, 0x2f,
    0x62, 0x61, 0x74, 0x63, 0x68, 0x6e, 0x6f, 0x72, 0x6d, 0x2f, 0x73, 0x75,
    0x62, 0x31, 0x00, 0x00, 0x04, 0x00, 0x00, 0x00, 0x01, 0x00, 0x00, 0x00,
    0x19, 0x00, 0x00, 0x00, 0x10, 0x00, 0x00, 0x00, 0x10, 0x00, 0x00, 0x00,
    0x52, 0xdf, 0xff, 0xff, 0x00, 0x00, 0x00, 0x01, 0x18, 0x00, 0x00, 0x00,
    0x28, 0x00, 0x00, 0x00, 0x44, 0x00, 0x00, 0x00, 0x13, 0x00, 0x00, 0x00,
    0x00, 0x00, 0x00, 0x09, 0xe0, 0x00, 0x00, 0x00, 0x04, 0x00, 0x00, 0x00,
    0xff, 0xff, 0xff, 0xff, 0x31, 0x00, 0x00, 0x00, 0x20, 0x00, 0x00, 0x00,
    0x10, 0x00, 0x00, 0x00, 0x3c, 0xdf, 0xff, 0xff, 0x08, 0x00, 0x00, 0x00,
    0x10, 0x00, 0x00, 0x00, 0x01, 0x00, 0x00, 0x00, 0x80, 0xff, 0xff, 0xff,
    0xff, 0xff, 0xff, 0xff, 0x01, 0x00, 0x00, 0x00, 0xca, 0xcd, 0xab, 0x3c,
    0xa0, 0x00, 0x00, 0x00, 0x66, 0x75, 0x6e, 0x63, 0x74, 0x69, 0x6f, 0x6e,
    0x61, 0x6c, 0x5f, 0x31, 0x2f, 0x72, 0x65, 0x5f, 0x6c, 0x75, 0x5f, 0x31,
    0x2f, 0x52, 0x65, 0x6c, 0x75, 0x3b, 0x66, 0x75, 0x6e, 0x63, 0x74, 0x69,
    0x6f, 0x6e, 0x61, 0x6c, 0x5f, 0x31, 0x2f, 0x62, 0x61, 0x74, 0x63, 0x68,
    0x5f, 0x6e, 0x6f, 0x72, 0x6d, 0x61, 0x6c, 0x69, 0x7a, 0x61, 0x74, 0x69,
    0x6f, 0x6e, 0x5f, 0x31, 0x2f, 0x62, 0x61, 0x74, 0x63, 0x68, 0x6e, 0x6f,
    0x72, 0x6d, 0x2f, 0x61, 0x64, 0x64, 0x5f, 0x31, 0x3b, 0x66, 0x75, 0x6e,
    0x63, 0x74, 0x69, 0x6f, 0x6e, 0x61, 0x6c, 0x5f, 0x31, 0x2f, 0x63, 0x6f,
    0x6e, 0x76, 0x32, 0x64, 0x5f, 0x31, 0x2f, 0x63, 0x6f, 0x6e, 0x76, 0x6f,
    0x6c, 0x75, 0x74, 0x69, 0x6f, 0x6e, 0x3b, 0x66, 0x75, 0x6e, 0x63, 0x74,
    0x69, 0x6f, 0x6e, 0x61, 0x6c, 0x5f, 0x31, 0x2f, 0x62, 0x61, 0x74, 0x63,
    0x68, 0x5f, 0x6e, 0x6f, 0x72, 0x6d, 0x61, 0x6c, 0x69, 0x7a, 0x61, 0x74,
    0x69, 0x6f, 0x6e, 0x5f, 0x31, 0x2f, 0x62, 0x61, 0x74, 0x63, 0x68, 0x6e,
    0x6f, 0x72, 0x6d, 0x2f, 0x73, 0x75, 0x62, 0x31, 0x00, 0x00, 0x00, 0x00,
    0x04, 0x00, 0x00, 0x00, 0x01, 0x00, 0x00, 0x00, 0x31, 0x00, 0x00, 0x00,
    0x20, 0x00, 0x00, 0x00, 0x10, 0x00, 0x00, 0x00, 0xea, 0xe0, 0xff, 0xff,
    0x00, 0x00, 0x00, 0x01, 0x14, 0x00, 0x00, 0x00, 0xe8, 0x00, 0x00, 0x00,
    0x12, 0x00, 0x00, 0x00, 0x00, 0x00, 0x00, 0x09, 0x04, 0x01, 0x00, 0x00,
    0x34, 0xe0, 0xff, 0xff, 0x08, 0x00, 0x00, 0x00, 0x8c, 0x00, 0x00, 0x00,
    0x10, 0x00, 0x00, 0x00, 0x00, 0x00, 0x00, 0x00, 0x00, 0x00, 0x00, 0x00,
    0x00, 0x00, 0x00, 0x00, 0x00, 0x00, 0x00, 0x00, 0x00, 0x00, 0x00, 0x00,
    0x00, 0x00, 0x00, 0x00, 0x00, 0x00, 0x00, 0x00, 0x00, 0x00, 0x00, 0x00,
    0x00, 0x00, 0x00, 0x00, 0x00, 0x00, 0x00, 0x00, 0x00, 0x00, 0x00, 0x00,
    0x00, 0x00, 0x00, 0x00, 0x00, 0x00, 0x00, 0x00, 0x00, 0x00, 0x00, 0x00,
    0x00, 0x00, 0x00, 0x00, 0x00, 0x00, 0x00, 0x00, 0x00, 0x00, 0x00, 0x00,
    0x00, 0x00, 0x00, 0x00, 0x00, 0x00, 0x00, 0x00, 0x00, 0x00, 0x00, 0x00,
    0x00, 0x00, 0x00, 0x00, 0x00, 0x00, 0x00, 0x00, 0x00, 0x00, 0x00, 0x00,
    0x00, 0x00, 0x00, 0x00, 0x00, 0x00, 0x00, 0x00, 0x00, 0x00, 0x00, 0x00,
    0x00, 0x00, 0x00, 0x00, 0x00, 0x00, 0x00, 0x00, 0x00, 0x00, 0x00, 0x00,
    0x00, 0x00, 0x00, 0x00, 0x00, 0x00, 0x00, 0x00, 0x00, 0x00, 0x00, 0x00,
    0x00, 0x00, 0x00, 0x00, 0x10, 0x00, 0x00, 0x00, 0xcd, 0xf7, 0x6f, 0x3a,
    0x0f, 0x31, 0x46, 0x3a, 0xa6, 0x8a, 0x89, 0x3a, 0x43, 0x93, 0x48, 0x3a,
    0x09, 0xe5, 0xa1, 0x3a, 0x86, 0x54, 0x87, 0x3a, 0x41, 0x57, 0x4f, 0x3a,
    0x6d, 0xa6, 0x64, 0x3a, 0x01, 0xf2, 0x7e, 0x3a, 0xbc, 0x3a, 0x9a, 0x3a,
    0x72, 0x39, 0x49, 0x3a, 0xfd, 0x5b, 0x70, 0x3a, 0x97, 0x25, 0x3f, 0x3a,
    0xd4, 0x18, 0x4f, 0x3a, 0xbb, 0xf3, 0x0c, 0x3b, 0x0c, 0x07, 0xc2, 0x3a,
    0x21, 0x00, 0x00, 0x00, 0x66, 0x75, 0x6e, 0x63, 0x74, 0x69, 0x6f, 0x6e,
    0x61, 0x6c, 0x5f, 0x31, 0x2f, 0x63, 0x6f, 0x6e, 0x76, 0x32, 0x64, 0x5f,
    0x31, 0x2f, 0x63, 0x6f, 0x6e, 0x76, 0x6f, 0x6c, 0x75, 0x74, 0x69, 0x6f,
    0x6e, 0x00, 0x00, 0x00, 0x04, 0x00, 0x00, 0x00, 0x10, 0x00, 0x00, 0x00,
    0x03, 0x00, 0x00, 0x00, 0x03, 0x00, 0x00, 0x00, 0x01, 0x00, 0x00, 0x00,
    0x1a, 0xe2, 0xff, 0xff, 0x00, 0x00, 0x00, 0x01, 0x14, 0x00, 0x00, 0x00,
    0xe4, 0x00, 0x00, 0x00, 0x11, 0x00, 0x00, 0x00, 0x00, 0x00, 0x00, 0x02,
    0x7c, 0x01, 0x00, 0x00, 0x64, 0xe1, 0xff, 0xff, 0x08, 0x00, 0x00, 0x00,
    0x88, 0x00, 0x00, 0x00, 0x10, 0x00, 0x00, 0x00, 0x00, 0x00, 0x00, 0x00,
    0x00, 0x00, 0x00, 0x00, 0x00, 0x00, 0x00, 0x00, 0x00, 0x00, 0x00, 0x00,
    0x00, 0x00, 0x00, 0x00, 0x00, 0x00, 0x00, 0x00, 0x00, 0x00, 0x00, 0x00,
    0x00, 0x00, 0x00, 0x00, 0x00, 0x00, 0x00, 0x00, 0x00, 0x00, 0x00, 0x00,
    0x00, 0x00, 0x00, 0x00, 0x00, 0x00, 0x00, 0x00, 0x00, 0x00, 0x00, 0x00,
    0x00, 0x00, 0x00, 0x00, 0x00, 0x00, 0x00, 0x00, 0x00, 0x00, 0x00, 0x00,
    0x00, 0x00, 0x00, 0x00, 0x00, 0x00, 0x00, 0x00, 0x00, 0x00, 0x00, 0x00,
    0x00, 0x00, 0x00, 0x00, 0x00, 0x00, 0x00, 0x00, 0x00, 0x00, 0x00, 0x00,
    0x00, 0x00, 0x00, 0x00, 0x00, 0x00, 0x00, 0x00, 0x00, 0x00, 0x00, 0x00,
    0x00, 0x00, 0x00, 0x00, 0x00, 0x00, 0x00, 0x00, 0x00, 0x00, 0x00, 0x00,
    0x00, 0x00, 0x00, 0x00, 0x00, 0x00, 0x00, 0x00, 0x00, 0x00, 0x00, 0x00,
    0x00, 0x00, 0x00, 0x00, 0x10, 0x00, 0x00, 0x00, 0x33, 0xe9, 0xb1, 0x38,
    0x2d, 0xf0, 0x92, 0x38, 0xf7, 0xf1, 0xcb, 0x38, 0x94, 0xb4, 0x94, 0x38,
    0x3e, 0x0e, 0xf0, 0x38, 0x85, 0xaa, 0xc8, 0x38, 0xab, 0xb8, 0x99, 0x38,
    0x1a, 0x85, 0xa9, 0x38, 0xdc, 0x03, 0xbd, 0x38, 0x91, 0xb0, 0xe4, 0x38,
    0xc9, 0x2f, 0x95, 0x38, 0x7b, 0x33, 0xb2, 0x38, 0x18, 0xb7, 0x8d, 0x38,
    0x63, 0x8a, 0x99, 0x38, 0x8f, 0x00, 0x51, 0x39, 0xd8, 0xd9, 0x0f, 0x39,
    0x9f, 0x00, 0x00, 0x00, 0x66, 0x75, 0x6e, 0x63, 0x74, 0x69, 0x6f, 0x6e,
    0x61, 0x6c, 0x5f, 0x31, 0x2f, 0x72, 0x65, 0x5f, 0x6c, 0x75, 0x5f, 0x31,
    0x2f, 0x52, 0x65, 0x6c, 0x75, 0x3b, 0x66, 0x75, 0x6e, 0x63, 0x74, 0x69,
    0x6f, 0x6e, 0x61, 0x6c, 0x5f, 0x31, 0x2f, 0x62, 0x61, 0x74, 0x63, 0x68,
    0x5f, 0x6e, 0x6f, 0x72, 0x6d, 0x61, 0x6c, 0x69, 0x7a, 0x61, 0x74, 0x69,
    0x6f, 0x6e, 0x5f, 0x31, 0x2f, 0x62, 0x61, 0x74, 0x63, 0x68, 0x6e, 0x6f,
    0x72, 0x6d, 0x2f, 0x61, 0x64, 0x64, 0x5f, 0x31, 0x3b, 0x66, 0x75, 0x6e,
    0x63, 0x74, 0x69, 0x6f, 0x6e, 0x61, 0x6c, 0x5f, 0x31, 0x2f, 0x63, 0x6f,
    0x6e, 0x76, 0x32, 0x64, 0x5f, 0x31, 0x2f, 0x63, 0x6f, 0x6e, 0x76, 0x6f,
    0x6c, 0x75, 0x74, 0x69, 0x6f, 0x6e, 0x3b, 0x66, 0x75, 0x6e, 0x63, 0x74,
    0x69, 0x6f, 0x6e, 0x61, 0x6c, 0x5f, 0x31, 0x2f, 0x62, 0x61, 0x74, 0x63,
    0x68, 0x5f, 0x6e, 0x6f, 0x72, 0x6d, 0x61, 0x6c, 0x69, 0x7a, 0x61, 0x74,
    0x69, 0x6f, 0x6e, 0x5f, 0x31, 0x2f, 0x62, 0x61, 0x74, 0x63, 0x68, 0x6e,
    0x6f, 0x72, 0x6d, 0x2f, 0x73, 0x75, 0x62, 0x00, 0x01, 0x00, 0x00, 0x00,
    0x10, 0x00, 0x00, 0x00, 0xb6, 0xe3, 0xff, 0xff, 0x00, 0x00, 0x00, 0x01,
    0x14, 0x00, 0x00, 0x00, 0xec, 0x00, 0x00, 0x00, 0x10, 0x00, 0x00, 0x00,
    0x00, 0x00, 0x00, 0x09, 0x78, 0x01, 0x00, 0x00, 0xc2, 0xef, 0xff, 0xff,
    0x03, 0x00, 0x00, 0x00, 0x08, 0x00, 0x00, 0x00, 0x8c, 0x00, 0x00, 0x00,
    0x10, 0x00, 0x00, 0x00, 0x00, 0x00, 0x00, 0x00, 0x00, 0x00, 0x00, 0x00,
    0x00, 0x00, 0x00, 0x00, 0x00, 0x00, 0x00, 0x00, 0x00, 0x00, 0x00, 0x00,
    0x00, 0x00, 0x00, 0x00, 0x00, 0x00, 0x00, 0x00, 0x00, 0x00, 0x00, 0x00,
    0x00, 0x00, 0x00, 0x00, 0x00, 0x00, 0x00, 0x00, 0x00, 0x00, 0x00, 0x00,
    0x00, 0x00, 0x00, 0x00, 0x00, 0x00, 0x00, 0x00, 0x00, 0x00, 0x00, 0x00,
    0x00, 0x00, 0x00, 0x00, 0x00, 0x00, 0x00, 0x00, 0x00, 0x00, 0x00, 0x00,
    0x00, 0x00, 0x00, 0x00, 0x00, 0x00, 0x00, 0x00, 0x00, 0x00, 0x00, 0x00,
    0x00, 0x00, 0x00, 0x00, 0x00, 0x00, 0x00, 0x00, 0x00, 0x00, 0x00, 0x00,
    0x00, 0x00, 0x00, 0x00, 0x00, 0x00, 0x00, 0x00, 0x00, 0x00, 0x00, 0x00,
    0x00, 0x00, 0x00, 0x00, 0x00, 0x00, 0x00, 0x00, 0x00, 0x00, 0x00, 0x00,
    0x00, 0x00, 0x00, 0x00, 0x00, 0x00, 0x00, 0x00, 0x00, 0x00, 0x00, 0x00,
    0x00, 0x00, 0x00, 0x00, 0x10, 0x00, 0x00, 0x00, 0x20, 0x6f, 0xd8, 0x3b,
    0x1c, 0xec, 0x13, 0x3c, 0xd3, 0xb6, 0x21, 0x3c, 0xbd, 0x8f, 0xc9, 0x3b,
    0x88, 0x9f, 0x9c, 0x3b, 0x56, 0xd6, 0x14, 0x3c, 0x43, 0x0f, 0x6e, 0x3c,
    0x95, 0xc1, 0x09, 0x3c, 0x0e, 0x17, 0x1f, 0x3c, 0xf2, 0xcc, 0x12, 0x3c,
    0x5a, 0xf8, 0xe9, 0x3b, 0x7c, 0xe4, 0xfd, 0x3b, 0x79, 0xc0, 0x1e, 0x3c,
    0x49, 0xa2, 0x2f, 0x3c, 0xad, 0xa4, 0x99, 0x3b, 0x9b, 0x59, 0x75, 0x3b,
    0x91, 0x00, 0x00, 0x00, 0x66, 0x75, 0x6e, 0x63, 0x74, 0x69, 0x6f, 0x6e,
    0x61, 0x6c, 0x5f, 0x31, 0x2f, 0x62, 0x61, 0x74, 0x63, 0x68, 0x5f, 0x6e,
    0x6f, 0x72, 0x6d, 0x61, 0x6c, 0x69, 0x7a, 0x61, 0x74, 0x69, 0x6f, 0x6e,
    0x5f, 0x31, 0x5f, 0x32, 0x2f, 0x62, 0x61, 0x74, 0x63, 0x68, 0x6e, 0x6f,
    0x72, 0x6d, 0x2f, 0x6d, 0x75, 0x6c, 0x5f, 0x31, 0x3b, 0x66, 0x75, 0x6e,
    0x63, 0x74, 0x69, 0x6f, 0x6e, 0x61, 0x6c, 0x5f, 0x31, 0x2f, 0x64, 0x65,
    0x70, 0x74, 0x68, 0x77, 0x69, 0x73, 0x65, 0x5f, 0x63, 0x6f, 0x6e, 0x76,
    0x32, 0x64, 0x5f, 0x31, 0x2f, 0x64, 0x65, 0x70, 0x74, 0x68, 0x77, 0x69,
    0x73, 0x65, 0x3b, 0x66, 0x75, 0x6e, 0x63, 0x74, 0x69, 0x6f, 0x6e, 0x61,
    0x6c, 0x5f, 0x31, 0x2f, 0x62, 0x61, 0x74, 0x63, 0x68, 0x5f, 0x6e, 0x6f,
    0x72, 0x6d, 0x61, 0x6c, 0x69, 0x7a, 0x61, 0x74, 0x69, 0x6f, 0x6e, 0x5f,
    0x31, 0x5f, 0x32, 0x2f, 0x62, 0x61, 0x74, 0x63, 0x68, 0x6e, 0x6f, 0x72,
    0x6d, 0x2f, 0x6d, 0x75, 0x6c, 0x00, 0x00, 0x00, 0x04, 0x00, 0x00, 0x00,
    0x01, 0x00, 0x00, 0x00, 0x03, 0x00, 0x00, 0x00, 0x03, 0x00, 0x00, 0x00,
    0x10, 0x00, 0x00, 0x00, 0x5a, 0xe5, 0xff, 0xff, 0x00, 0x00, 0x00, 0x01,
    0x14, 0x00, 0x00, 0x00, 0xe8, 0x00, 0x00, 0x00, 0x0f, 0x00, 0x00, 0x00,
    0x00, 0x00, 0x00, 0x02, 0xf8, 0x01, 0x00, 0x00, 0xa4, 0xe4, 0xff, 0xff,
    0x08, 0x00, 0x00, 0x00, 0x8c, 0x00, 0x00, 0x00, 0x10, 0x00, 0x00, 0x00,
    0x00, 0x00, 0x00, 0x00, 0x00, 0x00, 0x00, 0x00, 0x00, 0x00, 0x00, 0x00,
    0x00, 0x00, 0x00, 0x00, 0x00, 0x00, 0x00, 0x00, 0x00, 0x00, 0x00, 0x00,
    0x00, 0x00, 0x00, 0x00, 0x00, 0x00, 0x00, 0x00, 0x00, 0x00, 0x00, 0x00,
    0x00, 0x00, 0x00, 0x00, 0x00, 0x00, 0x00, 0x00, 0x00, 0x00, 0x00, 0x00,
    0x00, 0x00, 0x00, 0x00, 0x00, 0x00, 0x00, 0x00, 0x00, 0x00, 0x00, 0x00,
    0x00, 0x00, 0x00, 0x00, 0x00, 0x00, 0x00, 0x00, 0x00, 0x00, 0x00, 0x00,
    0x00, 0x00, 0x00, 0x00, 0x00, 0x00, 0x00, 0x00, 0x00, 0x00, 0x00, 0x00,
    0x00, 0x00, 0x00, 0x00, 0x00, 0x00, 0x00, 0x00, 0x00, 0x00, 0x00, 0x00,
    0x00, 0x00, 0x00, 0x00, 0x00, 0x00, 0x00, 0x00, 0x00, 0x00, 0x00, 0x00,
    0x00, 0x00, 0x00, 0x00, 0x00, 0x00, 0x00, 0x00, 0x00, 0x00, 0x00, 0x00,
    0x00, 0x00, 0x00, 0x00, 0x00, 0x00, 0x00, 0x00, 0x00, 0x00, 0x00, 0x00,
    0x10, 0x00, 0x00, 0x00, 0x36, 0x40, 0x11, 0x39, 0x3f, 0x8b, 0x46, 0x39,
    0x3c, 0x0e, 0x59, 0x39, 0x0a, 0x45, 0x07, 0x39, 0xee, 0x38, 0xd2, 0x38,
    0xa1, 0xc5, 0x47, 0x39, 0x90, 0xc3, 0x9f, 0x39, 0x16, 0xe6, 0x38, 0x39,
    0x93, 0x88, 0x55, 0x39, 0xcf, 0x09, 0x45, 0x39, 0xf9, 0x04, 0x1d, 0x39,
    0xb7, 0x63, 0x2a, 0x39, 0x5c, 0x14, 0x55, 0x39, 0x2d, 0xbd, 0x6b, 0x39,
    0x03, 0x39, 0xce, 0x38, 0x15, 0xa8, 0xa4, 0x38, 0x15, 0x01, 0x00, 0x00,
    0x66, 0x75, 0x6e, 0x63, 0x74, 0x69, 0x6f, 0x6e, 0x61, 0x6c, 0x5f, 0x31,
    0x2f, 0x72, 0x65, 0x5f, 0x6c, 0x75, 0x5f, 0x31, 0x5f, 0x32, 0x2f, 0x52,
    0x65, 0x6c, 0x75, 0x3b, 0x66, 0x75, 0x6e, 0x63, 0x74, 0x69, 0x6f, 0x6e,
    0x61, 0x6c, 0x5f, 0x31, 0x2f, 0x62, 0x61, 0x74, 0x63, 0x68, 0x5f, 0x6e,
    0x6f, 0x72, 0x6d, 0x61, 0x6c, 0x69, 0x7a, 0x61, 0x74, 0x69, 0x6f, 0x6e,
    0x5f, 0x31, 0x5f, 0x32, 0x2f, 0x62, 0x61, 0x74, 0x63, 0x68, 0x6e, 0x6f,
    0x72, 0x6d, 0x2f, 0x61, 0x64, 0x64, 0x5f, 0x31, 0x3b, 0x66, 0x75, 0x6e,
    0x63, 0x74, 0x69, 0x6f, 0x6e, 0x61, 0x6c, 0x5f, 0x31, 0x2f, 0x62, 0x61,
    0x74, 0x63, 0x68, 0x5f, 0x6e, 0x6f, 0x72, 0x6d, 0x61, 0x6c, 0x69, 0x7a,
    0x61, 0x74, 0x69, 0x6f, 0x6e, 0x5f, 0x31, 0x5f, 0x32, 0x2f, 0x62, 0x61,
    0x74, 0x63, 0x68, 0x6e, 0x6f, 0x72, 0x6d, 0x2f, 0x6d, 0x75, 0x6c, 0x5f,
    0x31, 0x3b, 0x66, 0x75, 0x6e, 0x63, 0x74, 0x69, 0x6f, 0x6e, 0x61, 0x6c,
    0x5f, 0x31, 0x2f, 0x64, 0x65, 0x70, 0x74, 0x68, 0x77, 0x69, 0x73, 0x65,
    0x5f, 0x63, 0x6f, 0x6e, 0x76, 0x32, 0x64, 0x5f, 0x31, 0x2f, 0x64, 0x65,
    0x70, 0x74, 0x68, 0x77, 0x69, 0x73, 0x65, 0x3b, 0x66, 0x75, 0x6e, 0x63,
    0x74, 0x69, 0x6f, 0x6e, 0x61, 0x6c, 0x5f, 0x31, 0x2f, 0x62, 0x61, 0x74,
    0x63, 0x68, 0x5f, 0x6e, 0x6f, 0x72, 0x6d, 0x61, 0x6c, 0x69, 0x7a, 0x61,
    0x74, 0x69, 0x6f, 0x6e, 0x5f, 0x31, 0x5f, 0x32, 0x2f, 0x62, 0x61, 0x74,
    0x63, 0x68, 0x6e, 0x6f, 0x72, 0x6d, 0x2f, 0x6d, 0x75, 0x6c, 0x3b, 0x66,
    0x75, 0x6e, 0x63, 0x74, 0x69, 0x6f, 0x6e, 0x61, 0x6c, 0x5f, 0x31, 0x2f,
    0x62, 0x61, 0x74, 0x63, 0x68, 0x5f, 0x6e, 0x6f, 0x72, 0x6d, 0x61, 0x6c,
    0x69, 0x7a, 0x61, 0x74, 0x69, 0x6f, 0x6e, 0x5f, 0x31, 0x5f, 0x32, 0x2f,
    0x62, 0x61, 0x74, 0x63, 0x68, 0x6e, 0x6f, 0x72, 0x6d, 0x2f, 0x73, 0x75,
    0x62, 0x00, 0x00, 0x00, 0x01, 0x00, 0x00, 0x00, 0x10, 0x00, 0x00, 0x00,
    0x72, 0xe7, 0xff, 0xff, 0x00, 0x00, 0x00, 0x01, 0x14, 0x00, 0x00, 0x00,
    0x48, 0x01, 0x00, 0x00, 0x0e, 0x00, 0x00, 0x00, 0x00, 0x00, 0x00, 0x09,
    0x64, 0x01, 0x00, 0x00, 0xbc, 0xe6, 0xff, 0xff, 0x08, 0x00, 0x00, 0x00,
    0xcc, 0x00, 0x00, 0x00, 0x18, 0x00, 0x00, 0x00, 0x00, 0x00, 0x00, 0x00,
    0x00, 0x00, 0x00, 0x00, 0x00, 0x00, 0x00, 0x00, 0x00, 0x00, 0x00, 0x00,
    0x00, 0x00, 0x00, 0x00, 0x00, 0x00, 0x00, 0x00, 0x00, 0x00, 0x00, 0x00,
    0x00, 0x00, 0x00, 0x00, 0x00, 0x00, 0x00, 0x00, 0x00, 0x00, 0x00, 0x00,
    0x00, 0x00, 0x00, 0x00, 0x00, 0x00, 0x00, 0x00, 0x00, 0x00, 0x00, 0x00,
    0x00, 0x00, 0x00, 0x00, 0x00, 0x00, 0x00, 0x00, 0x00, 0x00, 0x00, 0x00,
    0x00, 0x00, 0x00, 0x00, 0x00, 0x00, 0x00, 0x00, 0x00, 0x00, 0x00, 0x00,
    0x00, 0x00, 0x00, 0x00, 0x00, 0x00, 0x00, 0x00, 0x00, 0x00, 0x00, 0x00,
    0x00, 0x00, 0x00, 0x00, 0x00, 0x00, 0x00, 0x00, 0x00, 0x00, 0x00, 0x00,
    0x00, 0x00, 0x00, 0x00, 0x00, 0x00, 0x00, 0x00, 0x00, 0x00, 0x00, 0x00,
    0x00, 0x00, 0x00, 0x00, 0x00, 0x00, 0x00, 0x00, 0x00, 0x00, 0x00, 0x00,
    0x00, 0x00, 0x00, 0x00, 0x00, 0x00, 0x00, 0x00, 0x00, 0x00, 0x00, 0x00,
    0x00, 0x00, 0x00, 0x00, 0x00, 0x00, 0x00, 0x00, 0x00, 0x00, 0x00, 0x00,
    0x00, 0x00, 0x00, 0x00, 0x00, 0x00, 0x00, 0x00, 0x00, 0x00, 0x00, 0x00,
    0x00, 0x00, 0x00, 0x00, 0x00, 0x00, 0x00, 0x00, 0x00, 0x00, 0x00, 0x00,
    0x00, 0x00, 0x00, 0x00, 0x00, 0x00, 0x00, 0x00, 0x00, 0x00, 0x00, 0x00,
    0x00, 0x00, 0x00, 0x00, 0x00, 0x00, 0x00, 0x00, 0x00, 0x00, 0x00, 0x00,
    0x18, 0x00, 0x00, 0x00, 0xa2, 0xe8, 0x21, 0x3c, 0x6e, 0x30, 0xd8, 0x3b,
    0xd7, 0x5f, 0x0d, 0x3c, 0x7e, 0x3a, 0x94, 0x3b, 0xfa, 0x37, 0x99, 0x3b,
    0x1d, 0x55, 0x8e, 0x3b, 0xc6, 0x95, 0xea, 0x3b, 0xf6, 0x41, 0xaf, 0x3b,
    0xb1, 0x3c, 0x0a, 0x3c, 0xaf, 0x19, 0xe1, 0x3b, 0x61, 0xbd, 0x61, 0x3b,
    0x2a, 0xd3, 0xfe, 0x3b, 0xc1, 0xeb, 0xc5, 0x3b, 0xda, 0x7d, 0xf2, 0x3b,
    0x0e, 0x30, 0xf0, 0x3b, 0x4b, 0xc4, 0xd9, 0x3b, 0xa7, 0x10, 0xf9, 0x3b,
    0x21, 0xb4, 0xd7, 0x3b, 0x98, 0x21, 0xb2, 0x3b, 0x1a, 0x82, 0x88, 0x3b,
    0x16, 0xd8, 0x0a, 0x3c, 0x37, 0xa1, 0xfb, 0x3b, 0x45, 0x41, 0x9c, 0x3b,
    0xa1, 0x0d, 0xc0, 0x3b, 0x23, 0x00, 0x00, 0x00, 0x66, 0x75, 0x6e, 0x63,
    0x74, 0x69, 0x6f, 0x6e, 0x61, 0x6c, 0x5f, 0x31, 0x2f, 0x63, 0x6f, 0x6e,
    0x76, 0x32, 0x64, 0x5f, 0x31, 0x5f, 0x32, 0x2f, 0x63, 0x6f, 0x6e, 0x76,
    0x6f, 0x6c, 0x75, 0x74, 0x69, 0x6f, 0x6e, 0x00, 0x04, 0x00, 0x00, 0x00,
    0x18, 0x00, 0x00, 0x00, 0x01, 0x00, 0x00, 0x00, 0x01, 0x00, 0x00, 0x00,
    0x10, 0x00, 0x00, 0x00, 0x02, 0xe9, 0xff, 0xff, 0x00, 0x00, 0x00, 0x01,
    0x14, 0x00, 0x00, 0x00, 0x44, 0x01, 0x00, 0x00, 0x0d, 0x00, 0x00, 0x00,
    0x00, 0x00, 0x00, 0x02, 0xe4, 0x01, 0x00, 0x00, 0x4c, 0xe8, 0xff, 0xff,
    0x08, 0x00, 0x00, 0x00, 0xc8, 0x00, 0x00, 0x00, 0x18, 0x00, 0x00, 0x00,
    0x00, 0x00, 0x00, 0x00, 0x00, 0x00, 0x00, 0x00, 0x00, 0x00, 0x00, 0x00,
    0x00, 0x00, 0x00, 0x00, 0x00, 0x00, 0x00, 0x00, 0x00, 0x00, 0x00, 0x00,
    0x00, 0x00, 0x00, 0x00, 0x00, 0x00, 0x00, 0x00, 0x00, 0x00, 0x00, 0x00,
    0x00, 0x00, 0x00, 0x00, 0x00, 0x00, 0x00, 0x00, 0x00, 0x00, 0x00, 0x00,
    0x00, 0x00, 0x00, 0x00, 0x00, 0x00, 0x00, 0x00, 0x00, 0x00, 0x00, 0x00,
    0x00, 0x00, 0x00, 0x00, 0x00, 0x00, 0x00, 0x00, 0x00, 0x00, 0x00, 0x00,
    0x00, 0x00, 0x00, 0x00, 0x00, 0x00, 0x00, 0x00, 0x00, 0x00, 0x00, 0x00,
    0x00, 0x00, 0x00, 0x00, 0x00, 0x00, 0x00, 0x00, 0x00, 0x00, 0x00, 0x00,
    0x00, 0x00, 0x00, 0x00, 0x00, 0x00, 0x00, 0x00, 0x00, 0x00, 0x00, 0x00,
    0x00, 0x00, 0x00, 0x00, 0x00, 0x00, 0x00, 0x00, 0x00, 0x00, 0x00, 0x00,
    0x00, 0x00, 0x00, 0x00, 0x00, 0x00, 0x00, 0x00, 0x00, 0x00, 0x00, 0x00,
    0x00, 0x00, 0x00, 0x00, 0x00, 0x00, 0x00, 0x00, 0x00, 0x00, 0x00, 0x00,
    0x00, 0x00, 0x00, 0x00, 0x00, 0x00, 0x00, 0x00, 0x00, 0x00, 0x00, 0x00,
    0x00, 0x00, 0x00, 0x00, 0x00, 0x00, 0x00, 0x00, 0x00, 0x00, 0x00, 0x00,
    0x00, 0x00, 0x00, 0x00, 0x00, 0x00, 0x00, 0x00, 0x00, 0x00, 0x00, 0x00,
    0x00, 0x00, 0x00, 0x00, 0x00, 0x00, 0x00, 0x00, 0x00, 0x00, 0x00, 0x00,
    0x18, 0x00, 0x00, 0x00, 0x45, 0x93, 0xbe, 0x39, 0x5f, 0x77, 0x7e, 0x39,
    0xbe, 0x67, 0xa6, 0x39, 0x10, 0x79, 0x2e, 0x39, 0xbb, 0x58, 0x34, 0x39,
    0x71, 0x88, 0x27, 0x39, 0x43, 0x0f, 0x8a, 0x39, 0xa6, 0x49, 0x4e, 0x39,
    0x65, 0xb6, 0xa2, 0x39, 0x44, 0x7a, 0x84, 0x39, 0x9b, 0xda, 0x04, 0x39,
    0xa6, 0xf8, 0x95, 0x39, 0xac, 0xf6, 0x68, 0x39, 0x7c, 0xb6, 0x8e, 0x39,
    0x60, 0x5b, 0x8d, 0x39, 0x5f, 0x29, 0x80, 0x39, 0xdc, 0x94, 0x92, 0x39,
    0x10, 0xe5, 0x7d, 0x39, 0x88, 0xab, 0x51, 0x39, 0x71, 0xad, 0x20, 0x39,
    0x4d, 0x6d, 0xa3, 0x39, 0x44, 0x17, 0x94, 0x39, 0xa6, 0xeb, 0x37, 0x39,
    0x97, 0x0e, 0x62, 0x39, 0xa7, 0x00, 0x00, 0x00, 0x66, 0x75, 0x6e, 0x63,
    0x74, 0x69, 0x6f, 0x6e, 0x61, 0x6c, 0x5f, 0x31, 0x2f, 0x72, 0x65, 0x5f,
    0x6c, 0x75, 0x5f, 0x32, 0x5f, 0x31, 0x2f, 0x52, 0x65, 0x6c, 0x75, 0x3b,
    0x66, 0x75, 0x6e, 0x63, 0x74, 0x69, 0x6f, 0x6e, 0x61, 0x6c, 0x5f, 0x31,
    0x2f, 0x62, 0x61, 0x74, 0x63, 0x68, 0x5f, 0x6e, 0x6f, 0x72, 0x6d, 0x61,
    0x6c, 0x69, 0x7a, 0x61, 0x74, 0x69, 0x6f, 0x6e, 0x5f, 0x32, 0x5f, 0x31,
    0x2f, 0x62, 0x61, 0x74, 0x63, 0x68, 0x6e, 0x6f, 0x72, 0x6d, 0x2f, 0x61,
    0x64, 0x64, 0x5f, 0x31, 0x3b, 0x66, 0x75, 0x6e, 0x63, 0x74, 0x69, 0x6f,
    0x6e, 0x61, 0x6c, 0x5f, 0x31, 0x2f, 0x63, 0x6f, 0x6e, 0x76, 0x32, 0x64,
    0x5f, 0x31, 0x5f, 0x32, 0x2f, 0x63, 0x6f, 0x6e, 0x76, 0x6f, 0x6c, 0x75,
    0x74, 0x69, 0x6f, 0x6e, 0x3b, 0x66, 0x75, 0x6e, 0x63, 0x74, 0x69, 0x6f,
    0x6e, 0x61, 0x6c, 0x5f, 0x31, 0x2f, 0x62, 0x61, 0x74, 0x63, 0x68, 0x5f,
    0x6e, 0x6f, 0x72, 0x6d, 0x61, 0x6c, 0x69, 0x7a, 0x61, 0x74, 0x69, 0x6f,
    0x6e, 0x5f, 0x32, 0x5f, 0x31, 0x2f, 0x62, 0x61, 0x74, 0x63, 0x68, 0x6e,
    0x6f, 0x72, 0x6d, 0x2f, 0x73, 0x75, 0x62, 0x00, 0x01, 0x00, 0x00, 0x00,
    0x18, 0x00, 0x00, 0x00, 0x06, 0xeb, 0xff, 0xff, 0x00, 0x00, 0x00, 0x01,
    0x14, 0x00, 0x00, 0x00, 0x4c, 0x01, 0x00, 0x00, 0x0c, 0x00, 0x00, 0x00,
    0x00, 0x00, 0x00, 0x09, 0xd8, 0x01, 0x00, 0x00, 0x12, 0xf7, 0xff, 0xff,
    0x03, 0x00, 0x00, 0x00, 0x08, 0x00, 0x00, 0x00, 0xcc, 0x00, 0x00, 0x00,
    0x18, 0x00, 0x00, 0x00, 0x00, 0x00, 0x00, 0x00, 0x00, 0x00, 0x00, 0x00,
    0x00, 0x00, 0x00, 0x00, 0x00, 0x00, 0x00, 0x00, 0x00, 0x00, 0x00, 0x00,
    0x00, 0x00, 0x00, 0x00, 0x00, 0x00, 0x00, 0x00, 0x00, 0x00, 0x00, 0x00,
    0x00, 0x00, 0x00, 0x00, 0x00, 0x00, 0x00, 0x00, 0x00, 0x00, 0x00, 0x00,
    0x00, 0x00, 0x00, 0x00, 0x00, 0x00, 0x00, 0x00, 0x00, 0x00, 0x00, 0x00,
    0x00, 0x00, 0x00, 0x00, 0x00, 0x00, 0x00, 0x00, 0x00, 0x00, 0x00, 0x00,
    0x00, 0x00, 0x00, 0x00, 0x00, 0x00, 0x00, 0x00, 0x00, 0x00, 0x00, 0x00,
    0x00, 0x00, 0x00, 0x00, 0x00, 0x00, 0x00, 0x00, 0x00, 0x00, 0x00, 0x00,
    0x00, 0x00, 0x00, 0x00, 0x00, 0x00, 0x00, 0x00, 0x00, 0x00, 0x00, 0x00,
    0x00, 0x00, 0x00, 0x00, 0x00, 0x00, 0x00, 0x00, 0x00, 0x00, 0x00, 0x00,
    0x00, 0x00, 0x00, 0x00, 0x00, 0x00, 0x00, 0x00, 0x00, 0x00, 0x00, 0x00,
    0x00, 0x00, 0x00, 0x00, 0x00, 0x00, 0x00, 0x00, 0x00, 0x00, 0x00, 0x00,
    0x00, 0x00, 0x00, 0x00, 0x00, 0x00, 0x00, 0x00, 0x00, 0x00, 0x00, 0x00,
    0x00, 0x00, 0x00, 0x00, 0x00, 0x00, 0x00, 0x00, 0x00, 0x00, 0x00, 0x00,
    0x00, 0x00, 0x00, 0x00, 0x00, 0x00, 0x00, 0x00, 0x00, 0x00, 0x00, 0x00,
    0x00, 0x00, 0x00, 0x00, 0x00, 0x00, 0x00, 0x00, 0x00, 0x00, 0x00, 0x00,
    0x00, 0x00, 0x00, 0x00, 0x00, 0x00, 0x00, 0x00, 0x18, 0x00, 0x00, 0x00,
    0x06, 0x88, 0x21, 0x3c, 0xc4, 0x77, 0x14, 0x3c, 0x01, 0xcf, 0x98, 0x3b,
    0xf0, 0xa5, 0xac, 0x3b, 0xfa, 0x42, 0xc1, 0x3b, 0x12, 0xb9, 0x05, 0x3c,
    0x6b, 0x39, 0x21, 0x3c, 0x0b, 0x6b, 0x31, 0x3c, 0xcb, 0x8c, 0xa4, 0x3b,
    0x56, 0x82, 0xec, 0x3b, 0xd8, 0xbc, 0x67, 0x3c, 0xab, 0x9c, 0x17, 0x3c,
    0xb3, 0xc8, 0xc5, 0x3b, 0x4a, 0x4d, 0x0a, 0x3c, 0xc7, 0x20, 0xdd, 0x3b,
    0xe8, 0xab, 0x1e, 0x3c, 0x05, 0x7a, 0x95, 0x3b, 0xd0, 0x6e, 0x0b, 0x3c,
    0xe9, 0xd5, 0xb7, 0x3b, 0x9e, 0x20, 0x01, 0x3c, 0x60, 0x1f, 0x3e, 0x3c,
    0x30, 0x0d, 0xaa, 0x3b, 0x50, 0x1a, 0x1b, 0x3c, 0xf1, 0xaa, 0x3f, 0x3c,
    0x93, 0x00, 0x00, 0x00, 0x66, 0x75, 0x6e, 0x63, 0x74, 0x69, 0x6f, 0x6e,
    0x61, 0x6c, 0x5f, 0x31, 0x2f, 0x62, 0x61, 0x74, 0x63, 0x68, 0x5f, 0x6e,
    0x6f, 0x72, 0x6d, 0x61, 0x6c, 0x69, 0x7a, 0x61, 0x74, 0x69, 0x6f, 0x6e,
    0x5f, 0x33, 0x5f, 0x31, 0x2f, 0x62, 0x61, 0x74, 0x63, 0x68, 0x6e, 0x6f,
    0x72, 0x6d, 0x2f, 0x6d, 0x75, 0x6c, 0x5f, 0x31, 0x3b, 0x66, 0x75, 0x6e,
    0x63, 0x74, 0x69, 0x6f, 0x6e, 0x61, 0x6c, 0x5f, 0x31, 0x2f, 0x64, 0x65,
    0x70, 0x74, 0x68, 0x77, 0x69, 0x73, 0x65, 0x5f, 0x63, 0x6f, 0x6e, 0x76,
    0x32, 0x64, 0x5f, 0x31, 0x5f, 0x32, 0x2f, 0x64, 0x65, 0x70, 0x74, 0x68,
    0x77, 0x69, 0x73, 0x65, 0x3b, 0x66, 0x75, 0x6e, 0x63, 0x74, 0x69, 0x6f,
    0x6e, 0x61, 0x6c, 0x5f, 0x31, 0x2f, 0x62, 0x61, 0x74, 0x63, 0x68, 0x5f,
    0x6e, 0x6f, 0x72, 0x6d, 0x61, 0x6c, 0x69, 0x7a, 0x61, 0x74, 0x69, 0x6f,
    0x6e, 0x5f, 0x33, 0x5f, 0x31, 0x2f, 0x62, 0x61, 0x74, 0x63, 0x68, 0x6e,
    0x6f, 0x72, 0x6d, 0x2f, 0x6d, 0x75, 0x6c, 0x00, 0x04, 0x00, 0x00, 0x00,
    0x01, 0x00, 0x00, 0x00, 0x03, 0x00, 0x00, 0x00, 0x03, 0x00, 0x00, 0x00,
    0x18, 0x00, 0x00, 0x00, 0x0a, 0xed, 0xff, 0xff, 0x00, 0x00, 0x00, 0x01,
    0x14, 0x00, 0x00, 0x00, 0x48, 0x01, 0x00, 0x00, 0x0b, 0x00, 0x00, 0x00,
    0x00, 0x00, 0x00, 0x02, 0x58, 0x02, 0x00, 0x00, 0x54, 0xec, 0xff, 0xff,
    0x08, 0x00, 0x00, 0x00, 0xcc, 0x00, 0x00, 0x00, 0x18, 0x00, 0x00, 0x00,
    0x00, 0x00, 0x00, 0x00, 0x00, 0x00, 0x00, 0x00, 0x00, 0x00, 0x00, 0x00,
    0x00, 0x00, 0x00, 0x00, 0x00, 0x00, 0x00, 0x00, 0x00, 0x00, 0x00, 0x00,
    0x00, 0x00, 0x00, 0x00, 0x00, 0x00, 0x00, 0x00, 0x00, 0x00, 0x00, 0x00,
    0x00, 0x00, 0x00, 0x00, 0x00, 0x00, 0x00, 0x00, 0x00, 0x00, 0x00, 0x00,
    0x00, 0x00, 0x00, 0x00, 0x00, 0x00, 0x00, 0x00, 0x00, 0x00, 0x00, 0x00,
    0x00, 0x00, 0x00, 0x00, 0x00, 0x00, 0x00, 0x00, 0x00, 0x00, 0x00, 0x00,
    0x00, 0x00, 0x00, 0x00, 0x00, 0x00, 0x00, 0x00, 0x00, 0x00, 0x00, 0x00,
    0x00, 0x00, 0x00, 0x00, 0x00, 0x00, 0x00, 0x00, 0x00, 0x00, 0x00, 0x00,
    0x00, 0x00, 0x00, 0x00, 0x00, 0x00, 0x00, 0x00, 0x00, 0x00, 0x00, 0x00,
    0x00, 0x00, 0x00, 0x00, 0x00, 0x00, 0x00, 0x00, 0x00, 0x00, 0x00, 0x00,
    0x00, 0x00, 0x00, 0x00, 0x00, 0x00, 0x00, 0x00, 0x00, 0x00, 0x00, 0x00,
    0x00, 0x00, 0x00, 0x00, 0x00, 0x00, 0x00, 0x00, 0x00, 0x00, 0x00, 0x00,
    0x00, 0x00, 0x00, 0x00, 0x00, 0x00, 0x00, 0x00, 0x00, 0x00, 0x00, 0x00,
    0x00, 0x00, 0x00, 0x00, 0x00, 0x00, 0x00, 0x00, 0x00, 0x00, 0x00, 0x00,
    0x00, 0x00, 0x00, 0x00, 0x00, 0x00, 0x00, 0x00, 0x00, 0x00, 0x00, 0x00,
    0x00, 0x00, 0x00, 0x00, 0x00, 0x00, 0x00, 0x00, 0x00, 0x00, 0x00, 0x00,
    0x00, 0x00, 0x00, 0x00, 0x18, 0x00, 0x00, 0x00, 0x41, 0xff, 0xa5, 0x39,
    0x8a, 0x92, 0x98, 0x39, 0x80, 0x08, 0x1d, 0x39, 0xd9, 0x6b, 0x31, 0x39,
    0xc7, 0x9a, 0x46, 0x39, 0x7d, 0x6b, 0x89, 0x39, 0x7a, 0xae, 0xa5, 0x39,
    0xb6, 0x52, 0xb6, 0x39, 0x63, 0x19, 0x29, 0x39, 0x38, 0x0c, 0x73, 0x39,
    0xf5, 0x24, 0xee, 0x39, 0xb2, 0xcd, 0x9b, 0x39, 0x82, 0x40, 0x4b, 0x39,
    0x1d, 0x20, 0x8e, 0x39, 0xcd, 0x3d, 0x63, 0x39, 0xe6, 0x0e, 0xa3, 0x39,
    0xef, 0x9b, 0x19, 0x39, 0xa4, 0x49, 0x8f, 0x39, 0xff, 0xea, 0x3c, 0x39,
    0x83, 0xb2, 0x84, 0x39, 0xf5, 0x60, 0xc3, 0x39, 0xb8, 0xc0, 0x2e, 0x39,
    0x0c, 0x64, 0x9f, 0x39, 0x76, 0xf7, 0xc4, 0x39, 0x17, 0x01, 0x00, 0x00,
    0x66, 0x75, 0x6e, 0x63, 0x74, 0x69, 0x6f, 0x6e, 0x61, 0x6c, 0x5f, 0x31,
    0x2f, 0x72, 0x65, 0x5f, 0x6c, 0x75, 0x5f, 0x33, 0x5f, 0x31, 0x2f, 0x52,
    0x65, 0x6c, 0x75, 0x3b, 0x66, 0x75, 0x6e, 0x63, 0x74, 0x69, 0x6f, 0x6e,
    0x61, 0x6c, 0x5f, 0x31, 0x2f, 0x62, 0x61, 0x74, 0x63, 0x68, 0x5f, 0x6e,
    0x6f, 0x72, 0x6d, 0x61, 0x6c, 0x69, 0x7a, 0x61, 0x74, 0x69, 0x6f, 0x6e,
    0x5f, 0x33, 0x5f, 0x31, 0x2f, 0x62, 0x61, 0x74, 0x63, 0x68, 0x6e, 0x6f,
    0x72, 0x6d, 0x2f, 0x61, 0x64, 0x64, 0x5f, 0x31, 0x3b, 0x66, 0x75, 0x6e,
    0x63, 0x74, 0x69, 0x6f, 0x6e, 0x61, 0x6c, 0x5f, 0x31, 0x2f, 0x62, 0x61,
    0x74, 0x63, 0x68, 0x5f, 0x6e, 0x6f, 0x72, 0x6d, 0x61, 0x6c, 0x69, 0x7a,
    0x61, 0x74, 0x69, 0x6f, 0x6e, 0x5f, 0x33, 0x5f, 0x31, 0x2f, 0x62, 0x61,
    0x74, 0x63, 0x68, 0x6e, 0x6f, 0x72, 0x6d, 0x2f, 0x6d, 0x75, 0x6c, 0x5f,
    0x31, 0x3b, 0x66, 0x75, 0x6e, 0x63, 0x74, 0x69, 0x6f, 0x6e, 0x61, 0x6c,
    0x5f, 0x31, 0x2f, 0x64, 0x65, 0x70, 0x74, 0x68, 0x77, 0x69, 0x73, 0x65,
    0x5f, 0x63, 0x6f, 0x6e, 0x76, 0x32, 0x64, 0x5f, 0x31, 0x5f, 0x32, 0x2f,
    0x64, 0x65, 0x70, 0x74, 0x68, 0x77, 0x69, 0x73, 0x65, 0x3b, 0x66, 0x75,
    0x6e, 0x63, 0x74, 0x69, 0x6f, 0x6e, 0x61, 0x6c, 0x5f, 0x31, 0x2f, 0x62,
    0x61, 0x74, 0x63, 0x68, 0x5f, 0x6e, 0x6f, 0x72, 0x6d, 0x61, 0x6c, 0x69,
    0x7a, 0x61, 0x74, 0x69, 0x6f, 0x6e, 0x5f, 0x33, 0x5f, 0x31, 0x2f, 0x62,
    0x61, 0x74, 0x63, 0x68, 0x6e, 0x6f, 0x72, 0x6d, 0x2f, 0x6d, 0x75, 0x6c,
    0x3b, 0x66, 0x75, 0x6e, 0x63, 0x74, 0x69, 0x6f, 0x6e, 0x61, 0x6c, 0x5f,
    0x31, 0x2f, 0x62, 0x61, 0x74, 0x63, 0x68, 0x5f, 0x6e, 0x6f, 0x72, 0x6d,
    0x61, 0x6c, 0x69, 0x7a, 0x61, 0x74, 0x69, 0x6f, 0x6e, 0x5f, 0x33, 0x5f,
    0x31, 0x2f, 0x62, 0x61, 0x74, 0x63, 0x68, 0x6e, 0x6f, 0x72, 0x6d, 0x2f,
    0x73, 0x75, 0x62, 0x00, 0x01, 0x00, 0x00, 0x00, 0x18, 0x00, 0x00, 0x00,
    0x82, 0xef, 0xff, 0xff, 0x00, 0x00, 0x00, 0x01, 0x14, 0x00, 0x00, 0x00,
    0xa8, 0x01, 0x00, 0x00, 0x0a, 0x00, 0x00, 0x00, 0x00, 0x00, 0x00, 0x09,
    0xc4, 0x01, 0x00, 0x00, 0xcc, 0xee, 0xff, 0xff, 0x08, 0x00, 0x00, 0x00,
    0x0c, 0x01, 0x00, 0x00, 0x20, 0x00, 0x00, 0x00, 0x00, 0x00, 0x00, 0x00,
    0x00, 0x00, 0x00, 0x00, 0x00, 0x00, 0x00, 0x00, 0x00, 0x00, 0x00, 0x00,
    0x00, 0x00, 0x00, 0x00, 0x00, 0x00, 0x00, 0x00, 0x00, 0x00, 0x00, 0x00,
    0x00, 0x00, 0x00, 0x00, 0x00, 0x00, 0x00, 0x00, 0x00, 0x00, 0x00, 0x00,
    0x00, 0x00, 0x00, 0x00, 0x00, 0x00, 0x00, 0x00, 0x00, 0x00, 0x00, 0x00,
    0x00, 0x00, 0x00, 0x00, 0x00, 0x00, 0x00, 0x00, 0x00, 0x00, 0x00, 0x00,
    0x00, 0x00, 0x00, 0x00, 0x00, 0x00, 0x00, 0x00, 0x00, 0x00, 0x00, 0x00,
    0x00, 0x00, 0x00, 0x00, 0x00, 0x00, 0x00, 0x00, 0x00, 0x00, 0x00, 0x00,
    0x00, 0x00, 0x00, 0x00, 0x00, 0x00, 0x00, 0x00, 0x00, 0x00, 0x00, 0x00,
    0x00, 0x00, 0x00, 0x00, 0x00, 0x00, 0x00, 0x00, 0x00, 0x00, 0x00, 0x00,
    0x00, 0x00, 0x00, 0x00, 0x00, 0x00, 0x00, 0x00, 0x00, 0x00, 0x00, 0x00,
    0x00, 0x00, 0x00, 0x00, 0x00, 0x00, 0x00, 0x00, 0x00, 0x00, 0x00, 0x00,
    0x00, 0x00, 0x00, 0x00, 0x00, 0x00, 0x00, 0x00, 0x00, 0x00, 0x00, 0x00,
    0x00, 0x00, 0x00, 0x00, 0x00, 0x00, 0x00, 0x00, 0x00, 0x00, 0x00, 0x00,
    0x00, 0x00, 0x00, 0x00, 0x00, 0x00, 0x00, 0x00, 0x00, 0x00, 0x00, 0x00,
    0x00, 0x00, 0x00, 0x00, 0x00, 0x00, 0x00, 0x00, 0x00, 0x00, 0x00, 0x00,
    0x00, 0x00, 0x00, 0x00, 0x00, 0x00, 0x00, 0x00, 0x00, 0x00, 0x00, 0x00,
    0x00, 0x00, 0x00, 0x00, 0x00, 0x00, 0x00, 0x00, 0x00, 0x00, 0x00, 0x00,
    0x00, 0x00, 0x00, 0x00, 0x00, 0x00, 0x00, 0x00, 0x00, 0x00, 0x00, 0x00,
    0x00, 0x00, 0x00, 0x00, 0x00, 0x00, 0x00, 0x00, 0x00, 0x00, 0x00, 0x00,
    0x00, 0x00, 0x00, 0x00, 0x00, 0x00, 0x00, 0x00, 0x00, 0x00, 0x00, 0x00,
    0x00, 0x00, 0x00, 0x00, 0x00, 0x00, 0x00, 0x00, 0x00, 0x00, 0x00, 0x00,
    0x00, 0x00, 0x00, 0x00, 0x20, 0x00, 0x00, 0x00, 0xc4, 0xe9, 0x83, 0x3b,
    0xf6, 0x6a, 0x81, 0x3b, 0x80, 0x99, 0x8d, 0x3b, 0xb2, 0x12, 0xcf, 0x3b,
    0xf0, 0xf1, 0xb5, 0x3b, 0x71, 0x4c, 0x1c, 0x3b, 0x87, 0xb3, 0x79, 0x3b,
    0xaa, 0xdc, 0x28, 0x3b, 0x48, 0xe5, 0x94, 0x3b, 0x12, 0x1c, 0x98, 0x3b,
    0xe6, 0x82, 0x63, 0x3b, 0x00, 0x97, 0x73, 0x3b, 0xfe, 0x49, 0xd3, 0x3b,
    0x76, 0x0e, 0x98, 0x3b, 0x5c, 0x94, 0xb0, 0x3b, 0xf4, 0xf7, 0xe1, 0x3b,
    0x0e, 0xe7, 0xcd, 0x3b, 0x64, 0x2e, 0xdf, 0x3b, 0x8f, 0x88, 0xed, 0x3b,
    0x4a, 0x91, 0xac, 0x3b, 0xdc, 0x4f, 0xa5, 0x3b, 0x22, 0x3a, 0x8c, 0x3b,
    0x7a, 0xd9, 0xa9, 0x3b, 0xa0, 0x9a, 0xac, 0x3b, 0xe3, 0x0d, 0xb2, 0x3b,
    0xc9, 0xbc, 0x97, 0x3b, 0x5d, 0xdf, 0xa0, 0x3b, 0x70, 0x6b, 0x6e, 0x3b,
    0x72, 0xd7, 0x8a, 0x3b, 0xfe, 0x2e, 0xac, 0x3b, 0x13, 0x54, 0x64, 0x3b,
    0x75, 0x15, 0x4a, 0x3b, 0x23, 0x00, 0x00, 0x00, 0x66, 0x75, 0x6e, 0x63,
    0x74, 0x69, 0x6f, 0x6e, 0x61, 0x6c, 0x5f, 0x31, 0x2f, 0x63, 0x6f, 0x6e,
    0x76, 0x32, 0x64, 0x5f, 0x32, 0x5f, 0x31, 0x2f, 0x63, 0x6f, 0x6e, 0x76,
    0x6f, 0x6c, 0x75, 0x74, 0x69, 0x6f, 0x6e, 0x00, 0x04, 0x00, 0x00, 0x00,
    0x20, 0x00, 0x00, 0x00, 0x01, 0x00, 0x00, 0x00, 0x01, 0x00, 0x00, 0x00,
    0x18, 0x00, 0x00, 0x00, 0x72, 0xf1, 0xff, 0xff, 0x00, 0x00, 0x00, 0x01,
    0x14, 0x00, 0x00, 0x00, 0xa8, 0x01, 0x00, 0x00, 0x09, 0x00, 0x00, 0x00,
    0x00, 0x00, 0x00, 0x02, 0x48, 0x02, 0x00, 0x00, 0xbc, 0xf0, 0xff, 0xff,
    0x08, 0x00, 0x00, 0x00, 0x0c, 0x01, 0x00, 0x00, 0x20, 0x00, 0x00, 0x00,
    0x00, 0x00, 0x00, 0x00, 0x00, 0x00, 0x00, 0x00, 0x00, 0x00, 0x00, 0x00,
    0x00, 0x00, 0x00, 0x00, 0x00, 0x00, 0x00, 0x00, 0x00, 0x00, 0x00, 0x00,
    0x00, 0x00, 0x00, 0x00, 0x00, 0x00, 0x00, 0x00, 0x00, 0x00, 0x00, 0x00,
    0x00, 0x00, 0x00, 0x00, 0x00, 0x00, 0x00, 0x00, 0x00, 0x00, 0x00, 0x00,
    0x00, 0x00, 0x00, 0x00, 0x00, 0x00, 0x00, 0x00, 0x00, 0x00, 0x00, 0x00,
    0x00, 0x00, 0x00, 0x00, 0x00, 0x00, 0x00, 0x00, 0x00, 0x00, 0x00, 0x00,
    0x00, 0x00, 0x00, 0x00, 0x00, 0x00, 0x00, 0x00, 0x00, 0x00, 0x00, 0x00,
    0x00, 0x00, 0x00, 0x00, 0x00, 0x00, 0x00, 0x00, 0x00, 0x00, 0x00, 0x00,
    0x00, 0x00, 0x00, 0x00, 0x00, 0x00, 0x00, 0x00, 0x00, 0x00, 0x00, 0x00,
    0x00, 0x00, 0x00, 0x00, 0x00, 0x00, 0x00, 0x00, 0x00, 0x00, 0x00, 0x00,
    0x00, 0x00, 0x00, 0x00, 0x00, 0x00, 0x00, 0x00, 0x00, 0x00, 0x00, 0x00,
    0x00, 0x00, 0x00, 0x00, 0x00, 0x00, 0x00, 0x00, 0x00, 0x00, 0x00, 0x00,
    0x00, 0x00, 0x00, 0x00, 0x00, 0x00, 0x00, 0x00, 0x00, 0x00, 0x00, 0x00,
    0x00, 0x00, 0x00, 0x00, 0x00, 0x00, 0x00, 0x00, 0x00, 0x00, 0x00, 0x00,
    0x00, 0x00, 0x00, 0x00, 0x00, 0x00, 0x00, 0x00, 0x00, 0x00, 0x00, 0x00,
    0x00, 0x00, 0x00, 0x00, 0x00, 0x00, 0x00, 0x00, 0x00, 0x00, 0x00, 0x00,
    0x00, 0x00, 0x00, 0x00, 0x00, 0x00, 0x00, 0x00, 0x00, 0x00, 0x00, 0x00,
    0x00, 0x00, 0x00, 0x00, 0x00, 0x00, 0x00, 0x00, 0x00, 0x00, 0x00, 0x00,
    0x00, 0x00, 0x00, 0x00, 0x00, 0x00, 0x00, 0x00, 0x00, 0x00, 0x00, 0x00,
    0x00, 0x00, 0x00, 0x00, 0x00, 0x00, 0x00, 0x00, 0x00, 0x00, 0x00, 0x00,
    0x00, 0x00, 0x00, 0x00, 0x00, 0x00, 0x00, 0x00, 0x00, 0x00, 0x00, 0x00,
    0x00, 0x00, 0x00, 0x00, 0x00, 0x00, 0x00, 0x00, 0x20, 0x00, 0x00, 0x00,
    0xf2, 0xf6, 0x34, 0x39, 0x9a, 0x8a, 0x31, 0x39, 0xc3, 0x40, 0x42, 0x39,
    0x47, 0x09, 0x8e, 0x39, 0xcb, 0x99, 0x79, 0x39, 0xf1, 0x6a, 0xd6, 0x38,
    0xa5, 0x46, 0x2b, 0x39, 0x1b, 0xa7, 0xe7, 0x38, 0x12, 0x43, 0x4c, 0x39,
    0xd0, 0xab, 0x50, 0x39, 0x2b, 0x0e, 0x1c, 0x39, 0x7f, 0x15, 0x27, 0x39,
    0x97, 0xed, 0x90, 0x39, 0x24, 0x99, 0x50, 0x39, 0x75, 0x3d, 0x72, 0x39,
    0x44, 0xff, 0x9a, 0x39, 0xbf, 0x3b, 0x8d, 0x39, 0xd1, 0x15, 0x99, 0x39,
    0x03, 0xee, 0xa2, 0x39, 0x79, 0xbc, 0x6c, 0x39, 0x5d, 0xc8, 0x62, 0x39,
    0xbd, 0x5e, 0x40, 0x39, 0xed, 0x01, 0x69, 0x39, 0x48, 0xc9, 0x6c, 0x39,
    0x5d, 0x43, 0x74, 0x39, 0x18, 0x29, 0x50, 0x39, 0x44, 0xb1, 0x5c, 0x39,
    0xa2, 0x89, 0x23, 0x39, 0x29, 0x78, 0x3e, 0x39, 0xa0, 0x35, 0x6c, 0x39,
    0xa5, 0x9d, 0x1c, 0x39, 0x30, 0x9d, 0x0a, 0x39, 0xa7, 0x00, 0x00, 0x00,
    0x66, 0x75, 0x6e, 0x63, 0x74, 0x69, 0x6f, 0x6e, 0x61, 0x6c, 0x5f, 0x31,
    0x2f, 0x72, 0x65, 0x5f, 0x6c, 0x75, 0x5f, 0x34, 0x5f, 0x31, 0x2f, 0x52,
    0x65, 0x6c, 0x75, 0x3b, 0x66, 0x75, 0x6e, 0x63, 0x74, 0x69, 0x6f, 0x6e,
    0x61, 0x6c, 0x5f, 0x31, 0x2f, 0x62, 0x61, 0x74, 0x63, 0x68, 0x5f, 0x6e,
    0x6f, 0x72, 0x6d, 0x61, 0x6c, 0x69, 0x7a, 0x61, 0x74, 0x69, 0x6f, 0x6e,
    0x5f, 0x34, 0x5f, 0x31, 0x2f, 0x62, 0x61, 0x74, 0x63, 0x68, 0x6e, 0x6f,
    0x72, 0x6d, 0x2f, 0x61, 0x64, 0x64, 0x5f, 0x31, 0x3b, 0x66, 0x75, 0x6e,
    0x63, 0x74, 0x69, 0x6f, 0x6e, 0x61, 0x6c, 0x5f, 0x31, 0x2f, 0x63, 0x6f,
    0x6e, 0x76, 0x32, 0x64, 0x5f, 0x32, 0x5f, 0x31, 0x2f, 0x63, 0x6f, 0x6e,
    0x76, 0x6f, 0x6c, 0x75, 0x74, 0x69, 0x6f, 0x6e, 0x3b, 0x66, 0x75, 0x6e,
    0x63, 0x74, 0x69, 0x6f, 0x6e, 0x61, 0x6c, 0x5f, 0x31, 0x2f, 0x62, 0x61,
    0x74, 0x63, 0x68, 0x5f, 0x6e, 0x6f, 0x72, 0x6d, 0x61, 0x6c, 0x69, 0x7a,
    0x61, 0x74, 0x69, 0x6f, 0x6e, 0x5f, 0x34, 0x5f, 0x31, 0x2f, 0x62, 0x61,
    0x74, 0x63, 0x68, 0x6e, 0x6f, 0x72, 0x6d, 0x2f, 0x73, 0x75, 0x62, 0x00,
    0x01, 0x00, 0x00, 0x00, 0x20, 0x00, 0x00, 0x00, 0x00, 0x00, 0x16, 0x00,
    0x1e, 0x00, 0x18, 0x00, 0x17, 0x00, 0x10, 0x00, 0x0c, 0x00, 0x08, 0x00,
    0x00, 0x00, 0x00, 0x00, 0x00, 0x00, 0x07, 0x00, 0x16, 0x00, 0x00, 0x00,
    0x00, 0x00, 0x00, 0x01, 0x28, 0x00, 0x00, 0x00, 0xc0, 0x01, 0x00, 0x00,
    0x08, 0x00, 0x00, 0x00, 0x00, 0x00, 0x00, 0x09, 0x4c, 0x02, 0x00, 0x00,
    0x00, 0x00, 0x12, 0x00, 0x10, 0x00, 0x00, 0x00, 0x00, 0x00, 0x0c, 0x00,
    0x08, 0x00, 0x00, 0x00, 0x00, 0x00, 0x04, 0x00, 0x12, 0x00, 0x00, 0x00,
    0x03, 0x00, 0x00, 0x00, 0x08, 0x00, 0x00, 0x00, 0x0c, 0x01, 0x00, 0x00,
    0x20, 0x00, 0x00, 0x00, 0x00, 0x00, 0x00, 0x00, 0x00, 0x00, 0x00, 0x00,
    0x00, 0x00, 0x00, 0x00, 0x00, 0x00, 0x00, 0x00, 0x00, 0x00, 0x00, 0x00,
    0x00, 0x00, 0x00, 0x00, 0x00, 0x00, 0x00, 0x00, 0x00, 0x00, 0x00, 0x00,
    0x00, 0x00, 0x00, 0x00, 0x00, 0x00, 0x00, 0x00, 0x00, 0x00, 0x00, 0x00,
    0x00, 0x00, 0x00, 0x00, 0x00, 0x00, 0x00, 0x00, 0x00, 0x00, 0x00, 0x00,
    0x00, 0x00, 0x00, 0x00, 0x00, 0x00, 0x00, 0x00, 0x00, 0x00, 0x00, 0x00,
    0x00, 0x00, 0x00, 0x00, 0x00, 0x00, 0x00, 0x00, 0x00, 0x00, 0x00, 0x00,
    0x00, 0x00, 0x00, 0x00, 0x00, 0x00, 0x00, 0x00, 0x00, 0x00, 0x00, 0x00,
    0x00, 0x00, 0x00, 0x00, 0x00, 0x00, 0x00, 0x00, 0x00, 0x00, 0x00, 0x00,
    0x00, 0x00, 0x00, 0x00, 0x00, 0x00, 0x00, 0x00, 0x00, 0x00, 0x00, 0x00,
    0x00, 0x00, 0x00, 0x00, 0x00, 0x00, 0x00, 0x00, 0x00, 0x00, 0x00, 0x00,
    0x00, 0x00, 0x00, 0x00, 0x00, 0x00, 0x00, 0x00, 0x00, 0x00, 0x00, 0x00,
    0x00, 0x00, 0x00, 0x00, 0x00, 0x00, 0x00, 0x00, 0x00, 0x00, 0x00, 0x00,
    0x00, 0x00, 0x00, 0x00, 0x00, 0x00, 0x00, 0x00, 0x00, 0x00, 0x00, 0x00,
    0x00, 0x00, 0x00, 0x00, 0x00, 0x00, 0x00, 0x00, 0x00, 0x00, 0x00, 0x00,
    0x00, 0x00, 0x00, 0x00, 0x00, 0x00, 0x00, 0x00, 0x00, 0x00, 0x00, 0x00,
    0x00, 0x00, 0x00, 0x00, 0x00, 0x00, 0x00, 0x00, 0x00, 0x00, 0x00, 0x00,
    0x00, 0x00, 0x00, 0x00, 0x00, 0x00, 0x00, 0x00, 0x00, 0x00, 0x00, 0x00,
    0x00, 0x00, 0x00, 0x00, 0x00, 0x00, 0x00, 0x00, 0x00, 0x00, 0x00, 0x00,
    0x00, 0x00, 0x00, 0x00, 0x00, 0x00, 0x00, 0x00, 0x00, 0x00, 0x00, 0x00,
    0x00, 0x00, 0x00, 0x00, 0x00, 0x00, 0x00, 0x00, 0x00, 0x00, 0x00, 0x00,
    0x00, 0x00, 0x00, 0x00, 0x00, 0x00, 0x00, 0x00, 0x00, 0x00, 0x00, 0x00,
    0x20, 0x00, 0x00, 0x00, 0x9d, 0xfc, 0xd2, 0x3b, 0xd1, 0xd5, 0x3a, 0x3c,
    0x61, 0xb4, 0xef, 0x3b, 0x9c, 0x01, 0xfe, 0x3b, 0xf0, 0x11, 0xb7, 0x3b,
    0x0a, 0x66, 0xe9, 0x3b, 0x5b, 0xe7, 0x4b, 0x3c, 0xfe, 0x46, 0x15, 0x3c,
    0x2a, 0x5e, 0x01, 0x3c, 0xa5, 0x89, 0xe3, 0x3b, 0x0f, 0x3d, 0x4c, 0x3c,
    0x17, 0x51, 0xe2, 0x3b, 0xc1, 0x50, 0x95, 0x3b, 0xaa, 0x38, 0xad, 0x3b,
    0x76, 0xea, 0xb5, 0x3b, 0xbc, 0xe7, 0xe8, 0x3b, 0x4d, 0x60, 0xde, 0x3b,
    0xdd, 0x47, 0xd3, 0x3b, 0x4c, 0x85, 0x3a, 0x3c, 0xad, 0x99, 0x9a, 0x3b,
    0xc9, 0xb7, 0x1a, 0x3c, 0xa3, 0x28, 0xa0, 0x3b, 0x74, 0x83, 0xff, 0x3b,
    0xf5, 0xc4, 0x06, 0x3c, 0x3d, 0xf6, 0x41, 0x3c, 0x7e, 0x0a, 0xd8, 0x3b,
    0x18, 0xce, 0x0b, 0x3c, 0xc3, 0x90, 0x49, 0x3c, 0x99, 0x1f, 0xf7, 0x3b,
    0x43, 0xa6, 0xd7, 0x3b, 0x89, 0xba, 0x18, 0x3c, 0x22, 0x93, 0x13, 0x3c,
    0x93, 0x00, 0x00, 0x00, 0x66, 0x75, 0x6e, 0x63, 0x74, 0x69, 0x6f, 0x6e,
    0x61, 0x6c, 0x5f, 0x31, 0x2f, 0x62, 0x61, 0x74, 0x63, 0x68, 0x5f, 0x6e,
    0x6f, 0x72, 0x6d, 0x61, 0x6c, 0x69, 0x7a, 0x61, 0x74, 0x69, 0x6f, 0x6e,
    0x5f, 0x35, 0x5f, 0x31, 0x2f, 0x62, 0x61, 0x74, 0x63, 0x68, 0x6e, 0x6f,
    0x72, 0x6d, 0x2f, 0x6d, 0x75, 0x6c, 0x5f, 0x31, 0x3b, 0x66, 0x75, 0x6e,
    0x63, 0x74, 0x69, 0x6f, 0x6e, 0x61, 0x6c, 0x5f, 0x31, 0x2f, 0x64, 0x65,
    0x70, 0x74, 0x68, 0x77, 0x69, 0x73, 0x65, 0x5f, 0x63, 0x6f, 0x6e, 0x76,
    0x32, 0x64, 0x5f, 0x32, 0x5f, 0x31, 0x2f, 0x64, 0x65, 0x70, 0x74, 0x68,
    0x77, 0x69, 0x73, 0x65, 0x3b, 0x66, 0x75, 0x6e, 0x63, 0x74, 0x69, 0x6f,
    0x6e, 0x61, 0x6c, 0x5f, 0x31, 0x2f, 0x62, 0x61, 0x74, 0x63, 0x68, 0x5f,
    0x6e, 0x6f, 0x72, 0x6d, 0x61, 0x6c, 0x69, 0x7a, 0x61, 0x74, 0x69, 0x6f,
    0x6e, 0x5f, 0x35, 0x5f, 0x31, 0x2f, 0x62, 0x61, 0x74, 0x63, 0x68, 0x6e,
    0x6f, 0x72, 0x6d, 0x2f, 0x6d, 0x75, 0x6c, 0x00, 0x04, 0x00, 0x00, 0x00,
    0x01, 0x00, 0x00, 0x00, 0x03, 0x00, 0x00, 0x00, 0x03, 0x00, 0x00, 0x00,
    0x20, 0x00, 0x00, 0x00, 0x6a, 0xf6, 0xff, 0xff, 0x00, 0x00, 0x00, 0x01,
    0x14, 0x00, 0x00, 0x00, 0xa8, 0x01, 0x00, 0x00, 0x07, 0x00, 0x00, 0x00,
    0x00, 0x00, 0x00, 0x02, 0xb8, 0x02, 0x00, 0x00, 0xb4, 0xf5, 0xff, 0xff,
    0x08, 0x00, 0x00, 0x00, 0x0c, 0x01, 0x00, 0x00, 0x20, 0x00, 0x00, 0x00,
    0x00, 0x00, 0x00, 0x00, 0x00, 0x00, 0x00, 0x00, 0x00, 0x00, 0x00, 0x00,
    0x00, 0x00, 0x00, 0x00, 0x00, 0x00, 0x00, 0x00, 0x00, 0x00, 0x00, 0x00,
    0x00, 0x00, 0x00, 0x00, 0x00, 0x00, 0x00, 0x00, 0x00, 0x00, 0x00, 0x00,
    0x00, 0x00, 0x00, 0x00, 0x00, 0x00, 0x00, 0x00, 0x00, 0x00, 0x00, 0x00,
    0x00, 0x00, 0x00, 0x00, 0x00, 0x00, 0x00, 0x00, 0x00, 0x00, 0x00, 0x00,
    0x00, 0x00, 0x00, 0x00, 0x00, 0x00, 0x00, 0x00, 0x00, 0x00, 0x00, 0x00,
    0x00, 0x00, 0x00, 0x00, 0x00, 0x00, 0x00, 0x00, 0x00, 0x00, 0x00, 0x00,
    0x00, 0x00, 0x00, 0x00, 0x00, 0x00, 0x00, 0x00, 0x00, 0x00, 0x00, 0x00,
    0x00, 0x00, 0x00, 0x00, 0x00, 0x00, 0x00, 0x00, 0x00, 0x00, 0x00, 0x00,
    0x00, 0x00, 0x00, 0x00, 0x00, 0x00, 0x00, 0x00, 0x00, 0x00, 0x00, 0x00,
    0x00, 0x00, 0x00, 0x00, 0x00, 0x00, 0x00, 0x00, 0x00, 0x00, 0x00, 0x00,
    0x00, 0x00, 0x00, 0x00, 0x00, 0x00, 0x00, 0x00, 0x00, 0x00, 0x00, 0x00,
    0x00, 0x00, 0x00, 0x00, 0x00, 0x00, 0x00, 0x00, 0x00, 0x00, 0x00, 0x00,
    0x00, 0x00, 0x00, 0x00, 0x00, 0x00, 0x00, 0x00, 0x00, 0x00, 0x00, 0x00,
    0x00, 0x00, 0x00, 0x00, 0x00, 0x00, 0x00, 0x00, 0x00, 0x00, 0x00, 0x00,
    0x00, 0x00, 0x00, 0x00, 0x00, 0x00, 0x00, 0x00, 0x00, 0x00, 0x00, 0x00,
    0x00, 0x00, 0x00, 0x00, 0x00, 0x00, 0x00, 0x00, 0x00, 0x00, 0x00, 0x00,
    0x00, 0x00, 0x00, 0x00, 0x00, 0x00, 0x00, 0x00, 0x00, 0x00, 0x00, 0x00,
    0x00, 0x00, 0x00, 0x00, 0x00, 0x00, 0x00, 0x00, 0x00, 0x00, 0x00, 0x00,
    0x00, 0x00, 0x00, 0x00, 0x00, 0x00, 0x00, 0x00, 0x00, 0x00, 0x00, 0x00,
    0x00, 0x00, 0x00, 0x00, 0x00, 0x00, 0x00, 0x00, 0x00, 0x00, 0x00, 0x00,
    0x00, 0x00, 0x00, 0x00, 0x00, 0x00, 0x00, 0x00, 0x20, 0x00, 0x00, 0x00,
    0x7e, 0xb3, 0x7a, 0x39, 0xe6, 0x00, 0xde, 0x39, 0x8c, 0x69, 0x8e, 0x39,
    0xbe, 0xe8, 0x96, 0x39, 0x96, 0x87, 0x59, 0x39, 0x71, 0xaa, 0x8a, 0x39,
    0xec, 0x48, 0xf2, 0x39, 0x43, 0x60, 0xb1, 0x39, 0x0c, 0xb8, 0x99, 0x39,
    0x09, 0x2f, 0x87, 0x39, 0xc2, 0xae, 0xf2, 0x39, 0x57, 0x75, 0x86, 0x39,
    0xdc, 0x6b, 0x31, 0x39, 0xbb, 0xd3, 0x4d, 0x39, 0x7e, 0x28, 0x58, 0x39,
    0x67, 0x5f, 0x8a, 0x39, 0x01, 0x1e, 0x84, 0x39, 0xe8, 0x0c, 0x7b, 0x39,
    0x39, 0xa1, 0xdd, 0x39, 0x72, 0xb3, 0x37, 0x39, 0x39, 0xd7, 0xb7, 0x39,
    0x40, 0x4e, 0x3e, 0x39, 0xfa, 0xcd, 0x97, 0x39, 0x20, 0x23, 0xa0, 0x39,
    0xbc, 0x78, 0xe6, 0x39, 0x76, 0x5a, 0x80, 0x39, 0xeb, 0x1e, 0xa6, 0x39,
    0xa8, 0x81, 0xef, 0x39, 0xe7, 0xd1, 0x92, 0x39, 0xe9, 0x1e, 0x80, 0x39,
    0x1d, 0x7a, 0xb5, 0x39, 0x5c, 0x5a, 0xaf, 0x39, 0x17, 0x01, 0x00, 0x00,
    0x66, 0x75, 0x6e, 0x63, 0x74, 0x69, 0x6f, 0x6e, 0x61, 0x6c, 0x5f, 0x31,
    0x2f, 0x72, 0x65, 0x5f, 0x6c, 0x75, 0x5f, 0x35, 0x5f, 0x31, 0x2f, 0x52,
    0x65, 0x6c, 0x75, 0x3b, 0x66, 0x75, 0x6e, 0x63, 0x74, 0x69, 0x6f, 0x6e,
    0x61, 0x6c, 0x5f, 0x31, 0x2f, 0x62, 0x61, 0x74, 0x63, 0x68, 0x5f, 0x6e,
    0x6f, 0x72, 0x6d, 0x61, 0x6c, 0x69, 0x7a, 0x61, 0x74, 0x69, 0x6f, 0x6e,
    0x5f, 0x35, 0x5f, 0x31, 0x2f, 0x62, 0x61, 0x74, 0x63, 0x68, 0x6e, 0x6f,
    0x72, 0x6d, 0x2f, 0x61, 0x64, 0x64, 0x5f, 0x31, 0x3b, 0x66, 0x75, 0x6e,
    0x63, 0x74, 0x69, 0x6f, 0x6e, 0x61, 0x6c, 0x5f, 0x31, 0x2f, 0x62, 0x61,
    0x74, 0x63, 0x68, 0x5f, 0x6e, 0x6f, 0x72, 0x6d, 0x61, 0x6c, 0x69, 0x7a,
    0x61, 0x74, 0x69, 0x6f, 0x6e, 0x5f, 0x35, 0x5f, 0x31, 0x2f, 0x62, 0x61,
    0x74, 0x63, 0x68, 0x6e, 0x6f, 0x72, 0x6d, 0x2f, 0x6d, 0x75, 0x6c, 0x5f,
    0x31, 0x3b, 0x66, 0x75, 0x6e, 0x63, 0x74, 0x69, 0x6f, 0x6e, 0x61, 0x6c,
    0x5f, 0x31, 0x2f, 0x64, 0x65, 0x70, 0x74, 0x68, 0x77, 0x69, 0x73, 0x65,
    0x5f, 0x63, 0x6f, 0x6e, 0x76, 0x32, 0x64, 0x5f, 0x32, 0x5f, 0x31, 0x2f,
    0x64, 0x65, 0x70, 0x74, 0x68, 0x77, 0x69, 0x73, 0x65, 0x3b, 0x66, 0x75,
    0x6e, 0x63, 0x74, 0x69, 0x6f, 0x6e, 0x61, 0x6c, 0x5f, 0x31, 0x2f, 0x62,
    0x61, 0x74, 0x63, 0x68, 0x5f, 0x6e, 0x6f, 0x72, 0x6d, 0x61, 0x6c, 0x69,
    0x7a, 0x61, 0x74, 0x69, 0x6f, 0x6e, 0x5f, 0x35, 0x5f, 0x31, 0x2f, 0x62,
    0x61, 0x74, 0x63, 0x68, 0x6e, 0x6f, 0x72, 0x6d, 0x2f, 0x6d, 0x75, 0x6c,
    0x3b, 0x66, 0x75, 0x6e, 0x63, 0x74, 0x69, 0x6f, 0x6e, 0x61, 0x6c, 0x5f,
    0x31, 0x2f, 0x62, 0x61, 0x74, 0x63, 0x68, 0x5f, 0x6e, 0x6f, 0x72, 0x6d,
    0x61, 0x6c, 0x69, 0x7a, 0x61, 0x74, 0x69, 0x6f, 0x6e, 0x5f, 0x35, 0x5f,
    0x31, 0x2f, 0x62, 0x61, 0x74, 0x63, 0x68, 0x6e, 0x6f, 0x72, 0x6d, 0x2f,
    0x73, 0x75, 0x62, 0x00, 0x01, 0x00, 0x00, 0x00, 0x20, 0x00, 0x00, 0x00,
    0x42, 0xf9, 0xff, 0xff, 0x00, 0x00, 0x00, 0x01, 0x14, 0x00, 0x00, 0x00,
    0x68, 0x02, 0x00, 0x00, 0x06, 0x00, 0x00, 0x00, 0x00, 0x00, 0x00, 0x09,
    0x84, 0x02, 0x00, 0x00, 0x8c, 0xf8, 0xff, 0xff, 0x08, 0x00, 0x00, 0x00,
    0x8c, 0x01, 0x00, 0x00, 0x30, 0x00, 0x00, 0x00, 0x00, 0x00, 0x00, 0x00,
    0x00, 0x00, 0x00, 0x00, 0x00, 0x00, 0x00, 0x00, 0x00, 0x00, 0x00, 0x00,
    0x00, 0x00, 0x00, 0x00, 0x00, 0x00, 0x00, 0x00, 0x00, 0x00, 0x00, 0x00,
    0x00, 0x00, 0x00, 0x00, 0x00, 0x00, 0x00, 0x00, 0x00, 0x00, 0x00, 0x00,
    0x00, 0x00, 0x00, 0x00, 0x00, 0x00, 0x00, 0x00, 0x00, 0x00, 0x00, 0x00,
    0x00, 0x00, 0x00, 0x00, 0x00, 0x00, 0x00, 0x00, 0x00, 0x00, 0x00, 0x00,
    0x00, 0x00, 0x00, 0x00, 0x00, 0x00, 0x00, 0x00, 0x00, 0x00, 0x00, 0x00,
    0x00, 0x00, 0x00, 0x00, 0x00, 0x00, 0x00, 0x00, 0x00, 0x00, 0x00, 0x00,
    0x00, 0x00, 0x00, 0x00, 0x00, 0x00, 0x00, 0x00, 0x00, 0x00, 0x00, 0x00,
    0x00, 0x00, 0x00, 0x00, 0x00, 0x00, 0x00, 0x00, 0x00, 0x00, 0x00, 0x00,
    0x00, 0x00, 0x00, 0x00, 0x00, 0x00, 0x00, 0x00, 0x00, 0x00, 0x00, 0x00,
    0x00, 0x00, 0x00, 0x00, 0x00, 0x00, 0x00, 0x00, 0x00, 0x00, 0x00, 0x00,
    0x00, 0x00, 0x00, 0x00, 0x00, 0x00, 0x00, 0x00, 0x00, 0x00, 0x00, 0x00,
    0x00, 0x00, 0x00, 0x00, 0x00, 0x00, 0x00, 0x00, 0x00, 0x00, 0x00, 0x00,
    0x00, 0x00, 0x00, 0x00, 0x00, 0x00, 0x00, 0x00, 0x00, 0x00, 0x00, 0x00,
    0x00, 0x00, 0x00, 0x00, 0x00, 0x00, 0x00, 0x00, 0x00, 0x00, 0x00, 0x00,
    0x00, 0x00, 0x00, 0x00, 0x00, 0x00, 0x00, 0x00, 0x00, 0x00, 0x00, 0x00,
    0x00, 0x00, 0x00, 0x00, 0x00, 0x00, 0x00, 0x00, 0x00, 0x00, 0x00, 0x00,
    0x00, 0x00, 0x00, 0x00, 0x00, 0x00, 0x00, 0x00, 0x00, 0x00, 0x00, 0x00,
    0x00, 0x00, 0x00, 0x00, 0x00, 0x00, 0x00, 0x00, 0x00, 0x00, 0x00, 0x00,
    0x00, 0x00, 0x00, 0x00, 0x00, 0x00, 0x00, 0x00, 0x00, 0x00, 0x00, 0x00,
    0x00, 0x00, 0x00, 0x00, 0x00, 0x00, 0x00, 0x00, 0x00, 0x00, 0x00, 0x00,
    0x00, 0x00, 0x00, 0x00, 0x00, 0x00, 0x00, 0x00, 0x00, 0x00, 0x00, 0x00,
    0x00, 0x00, 0x00, 0x00, 0x00, 0x00, 0x00, 0x00, 0x00, 0x00, 0x00, 0x00,
    0x00, 0x00, 0x00, 0x00, 0x00, 0x00, 0x00, 0x00, 0x00, 0x00, 0x00, 0x00,
    0x00, 0x00, 0x00, 0x00, 0x00, 0x00, 0x00, 0x00, 0x00, 0x00, 0x00, 0x00,
    0x00, 0x00, 0x00, 0x00, 0x00, 0x00, 0x00, 0x00, 0x00, 0x00, 0x00, 0x00,
    0x00, 0x00, 0x00, 0x00, 0x00, 0x00, 0x00, 0x00, 0x00, 0x00, 0x00, 0x00,
    0x00, 0x00, 0x00, 0x00, 0x00, 0x00, 0x00, 0x00, 0x00, 0x00, 0x00, 0x00,
    0x00, 0x00, 0x00, 0x00, 0x00, 0x00, 0x00, 0x00, 0x00, 0x00, 0x00, 0x00,
    0x00, 0x00, 0x00, 0x00, 0x00, 0x00, 0x00, 0x00, 0x00, 0x00, 0x00, 0x00,
    0x00, 0x00, 0x00, 0x00, 0x00, 0x00, 0x00, 0x00, 0x00, 0x00, 0x00, 0x00,
    0x00, 0x00, 0x00, 0x00, 0x00, 0x00, 0x00, 0x00, 0x00, 0x00, 0x00, 0x00,
    0x30, 0x00, 0x00, 0x00, 0xd7, 0xd3, 0xb7, 0x3b, 0xd9, 0xd1, 0xba, 0x3b,
    0x63, 0x9e, 0x8f, 0x3b, 0x1f, 0x51, 0x90, 0x3b, 0x9c, 0xa0, 0x8e, 0x3b,
    0x29, 0x86, 0x8d, 0x3b, 0xe9, 0xe2, 0x8d, 0x3b, 0xc5, 0x6b, 0x83, 0x3b,
    0x38, 0x8b, 0xb5, 0x3b, 0x0b, 0x3d, 0xd4, 0x3b, 0x6c, 0xc2, 0xb2, 0x3b,
    0xb0, 0xfc, 0xa3, 0x3b, 0x7b, 0x6a, 0xa7, 0x3b, 0x7d, 0x7b, 0xb6, 0x3b,
    0x80, 0x0d, 0xbc, 0x3b, 0x8e, 0xa2, 0xc5, 0x3b, 0xc4, 0x3f, 0x9c, 0x3b,
    0xc9, 0x5d, 0xa5, 0x3b, 0x38, 0x94, 0x99, 0x3b, 0x2c, 0xc9, 0xa5, 0x3b,
    0x77, 0xe2, 0x81, 0x3b, 0xb4, 0x8a, 0x86, 0x3b, 0xa7, 0x16, 0xaf, 0x3b,
    0x8a, 0x1a, 0xad, 0x3b, 0x28, 0x02, 0x6e, 0x3b, 0xc6, 0x96, 0x9f, 0x3b,
    0xbf, 0x4b, 0xa2, 0x3b, 0xff, 0x0c, 0x88, 0x3b, 0x0b, 0xe5, 0xb6, 0x3b,
    0x8d, 0xb9, 0xb7, 0x3b, 0x43, 0x24, 0x4c, 0x3b, 0xcc, 0x1a, 0xa2, 0x3b,
    0x0b, 0x8e, 0xcd, 0x3b, 0x5a, 0xff, 0xa0, 0x3b, 0x19, 0xfc, 0x96, 0x3b,
    0x9c, 0xe1, 0xa7, 0x3b, 0x69, 0x11, 0x98, 0x3b, 0x22, 0x5c, 0x8c, 0x3b,
    0x65, 0x28, 0xae, 0x3b, 0x9c, 0x04, 0x8c, 0x3b, 0x03, 0xe4, 0xaa, 0x3b,
    0xb4, 0xc7, 0x8b, 0x3b, 0x8f, 0xb6, 0xa5, 0x3b, 0xf4, 0x50, 0x94, 0x3b,
    0x99, 0x64, 0xa3, 0x3b, 0xfe, 0x95, 0x8b, 0x3b, 0x2c, 0x62, 0xa2, 0x3b,
    0xfe, 0x98, 0x84, 0x3b, 0x23, 0x00, 0x00, 0x00, 0x66, 0x75, 0x6e, 0x63,
    0x74, 0x69, 0x6f, 0x6e, 0x61, 0x6c, 0x5f, 0x31, 0x2f, 0x63, 0x6f, 0x6e,
    0x76, 0x32, 0x64, 0x5f, 0x33, 0x5f, 0x31, 0x2f, 0x63, 0x6f, 0x6e, 0x76,
    0x6f, 0x6c, 0x75, 0x74, 0x69, 0x6f, 0x6e, 0x00, 0x04, 0x00, 0x00, 0x00,
    0x30, 0x00, 0x00, 0x00, 0x01, 0x00, 0x00, 0x00, 0x01, 0x00, 0x00, 0x00,
    0x20, 0x00, 0x00, 0x00, 0xf2, 0xfb, 0xff, 0xff, 0x00, 0x00, 0x00, 0x01,
    0x14, 0x00, 0x00, 0x00, 0x68, 0x02, 0x00, 0x00, 0x05, 0x00, 0x00, 0x00,
    0x00, 0x00, 0x00, 0x02, 0x08, 0x03, 0x00, 0x00, 0x3c, 0xfb, 0xff, 0xff,
    0x08, 0x00, 0x00, 0x00, 0x8c, 0x01, 0x00, 0x00, 0x30, 0x00, 0x00, 0x00,
    0x00, 0x00, 0x00, 0x00, 0x00, 0x00, 0x00, 0x00, 0x00, 0x00, 0x00, 0x00,
    0x00, 0x00, 0x00, 0x00, 0x00, 0x00, 0x00, 0x00, 0x00, 0x00, 0x00, 0x00,
    0x00, 0x00, 0x00, 0x00, 0x00, 0x00, 0x00, 0x00, 0x00, 0x00, 0x00, 0x00,
    0x00, 0x00, 0x00, 0x00, 0x00, 0x00, 0x00, 0x00, 0x00, 0x00, 0x00, 0x00,
    0x00, 0x00, 0x00, 0x00, 0x00, 0x00, 0x00, 0x00, 0x00, 0x00, 0x00, 0x00,
    0x00, 0x00, 0x00, 0x00, 0x00, 0x00, 0x00, 0x00, 0x00, 0x00, 0x00, 0x00,
    0x00, 0x00, 0x00, 0x00, 0x00, 0x00, 0x00, 0x00, 0x00, 0x00, 0x00, 0x00,
    0x00, 0x00, 0x00, 0x00, 0x00, 0x00, 0x00, 0x00, 0x00, 0x00, 0x00, 0x00,
    0x00, 0x00, 0x00, 0x00, 0x00, 0x00, 0x00, 0x00, 0x00, 0x00, 0x00, 0x00,
    0x00, 0x00, 0x00, 0x00, 0x00, 0x00, 0x00, 0x00, 0x00, 0x00, 0x00, 0x00,
    0x00, 0x00, 0x00, 0x00, 0x00, 0x00, 0x00, 0x00, 0x00, 0x00, 0x00, 0x00,
    0x00, 0x00, 0x00, 0x00, 0x00, 0x00, 0x00, 0x00, 0x00, 0x00, 0x00, 0x00,
    0x00, 0x00, 0x00, 0x00, 0x00, 0x00, 0x00, 0x00, 0x00, 0x00, 0x00, 0x00,
    0x00, 0x00, 0x00, 0x00, 0x00, 0x00, 0x00, 0x00, 0x00, 0x00, 0x00, 0x00,
    0x00, 0x00, 0x00, 0x00, 0x00, 0x00, 0x00, 0x00, 0x00, 0x00, 0x00, 0x00,
    0x00, 0x00, 0x00, 0x00, 0x00, 0x00, 0x00, 0x00, 0x00, 0x00, 0x00, 0x00,
    0x00, 0x00, 0x00, 0x00, 0x00, 0x00, 0x00, 0x00, 0x00, 0x00, 0x00, 0x00,
    0x00, 0x00, 0x00, 0x00, 0x00, 0x00, 0x00, 0x00, 0x00, 0x00, 0x00, 0x00,
    0x00, 0x00, 0x00, 0x00, 0x00, 0x00, 0x00, 0x00, 0x00, 0x00, 0x00, 0x00,
    0x00, 0x00, 0x00, 0x00, 0x00, 0x00, 0x00, 0x00, 0x00, 0x00, 0x00, 0x00,
    0x00, 0x00, 0x00, 0x00, 0x00, 0x00, 0x00, 0x00, 0x00, 0x00, 0x00, 0x00,
    0x00, 0x00, 0x00, 0x00, 0x00, 0x00, 0x00, 0x00, 0x00, 0x00, 0x00, 0x00,
    0x00, 0x00, 0x00, 0x00, 0x00, 0x00, 0x00, 0x00, 0x00, 0x00, 0x00, 0x00,
    0x00, 0x00, 0x00, 0x00, 0x00, 0x00, 0x00, 0x00, 0x00, 0x00, 0x00, 0x00,
    0x00, 0x00, 0x00, 0x00, 0x00, 0x00, 0x00, 0x00, 0x00, 0x00, 0x00, 0x00,
    0x00, 0x00, 0x00, 0x00, 0x00, 0x00, 0x00, 0x00, 0x00, 0x00, 0x00, 0x00,
    0x00, 0x00, 0x00, 0x00, 0x00, 0x00, 0x00, 0x00, 0x00, 0x00, 0x00, 0x00,
    0x00, 0x00, 0x00, 0x00, 0x00, 0x00, 0x00, 0x00, 0x00, 0x00, 0x00, 0x00,
    0x00, 0x00, 0x00, 0x00, 0x00, 0x00, 0x00, 0x00, 0x00, 0x00, 0x00, 0x00,
    0x00, 0x00, 0x00, 0x00, 0x00, 0x00, 0x00, 0x00, 0x00, 0x00, 0x00, 0x00,
    0x00, 0x00, 0x00, 0x00, 0x00, 0x00, 0x00, 0x00, 0x00, 0x00, 0x00, 0x00,
    0x00, 0x00, 0x00, 0x00, 0x00, 0x00, 0x00, 0x00, 0x00, 0x00, 0x00, 0x00,
    0x00, 0x00, 0x00, 0x00, 0x30, 0x00, 0x00, 0x00, 0x64, 0xfe, 0x94, 0x39,
    0x3f, 0x6b, 0x97, 0x39, 0xed, 0xce, 0x68, 0x39, 0xa8, 0xf0, 0x69, 0x39,
    0x8c, 0x33, 0x67, 0x39, 0xb1, 0x69, 0x65, 0x39, 0x0b, 0x00, 0x66, 0x39,
    0x1c, 0x09, 0x55, 0x39, 0x8d, 0x24, 0x93, 0x39, 0x62, 0x05, 0xac, 0x39,
    0xd3, 0xe2, 0x90, 0x39, 0xb2, 0xe9, 0x84, 0x39, 0x28, 0xb1, 0x87, 0x39,
    0x4b, 0xe7, 0x93, 0x39, 0x16, 0x6b, 0x98, 0x39, 0x4f, 0x2f, 0xa0, 0x39,
    0x49, 0x48, 0x7d, 0x39, 0xe2, 0x07, 0x86, 0x39, 0x3e, 0xf4, 0x78, 0x39,
    0xec, 0x5e, 0x86, 0x39, 0x8e, 0x8b, 0x52, 0x39, 0x32, 0x18, 0x5a, 0x39,
    0x22, 0xe9, 0x8d, 0x39, 0x4d, 0x4d, 0x8c, 0x39, 0x66, 0xe8, 0x40, 0x39,
    0x22, 0x59, 0x81, 0x39, 0xcb, 0x8a, 0x83, 0x39, 0x62, 0x8a, 0x5c, 0x39,
    0xd8, 0x3c, 0x94, 0x39, 0x15, 0xe9, 0x94, 0x39, 0x60, 0x75, 0x25, 0x39,
    0x1f, 0x63, 0x83, 0x39, 0x9a, 0x9a, 0xa6, 0x39, 0x63, 0x7d, 0x82, 0x39,
    0xb1, 0xbf, 0x74, 0x39, 0xb6, 0x11, 0x88, 0x39, 0x39, 0x81, 0x76, 0x39,
    0x96, 0x86, 0x63, 0x39, 0x06, 0x28, 0x8d, 0x39, 0xb5, 0xf8, 0x62, 0x39,
    0x21, 0x82, 0x8a, 0x39, 0xfa, 0x95, 0x62, 0x39, 0xd6, 0x4f, 0x86, 0x39,
    0x4e, 0x6c, 0x70, 0x39, 0x6d, 0x6e, 0x84, 0x39, 0x65, 0x45, 0x62, 0x39,
    0xf8, 0x9c, 0x83, 0x39, 0x66, 0xf1, 0x56, 0x39, 0xa7, 0x00, 0x00, 0x00,
    0x66, 0x75, 0x6e, 0x63, 0x74, 0x69, 0x6f, 0x6e, 0x61, 0x6c, 0x5f, 0x31,
    0x2f, 0x72, 0x65, 0x5f, 0x6c, 0x75, 0x5f, 0x36, 0x5f, 0x31, 0x2f, 0x52,
    0x65, 0x6c, 0x75, 0x3b, 0x66, 0x75, 0x6e, 0x63, 0x74, 0x69, 0x6f, 0x6e,
    0x61, 0x6c, 0x5f, 0x31, 0x2f, 0x62, 0x61, 0x74, 0x63, 0x68, 0x5f, 0x6e,
    0x6f, 0x72, 0x6d, 0x61, 0x6c, 0x69, 0x7a, 0x61, 0x74, 0x69, 0x6f, 0x6e,
    0x5f, 0x36, 0x5f, 0x31, 0x2f, 0x62, 0x61, 0x74, 0x63, 0x68, 0x6e, 0x6f,
    0x72, 0x6d, 0x2f, 0x61, 0x64, 0x64, 0x5f, 0x31, 0x3b, 0x66, 0x75, 0x6e,
    0x63, 0x74, 0x69, 0x6f, 0x6e, 0x61, 0x6c, 0x5f, 0x31, 0x2f, 0x63, 0x6f,
    0x6e, 0x76, 0x32, 0x64, 0x5f, 0x33, 0x5f, 0x31, 0x2f, 0x63, 0x6f, 0x6e,
    0x76, 0x6f, 0x6c, 0x75, 0x74, 0x69, 0x6f, 0x6e, 0x3b, 0x66, 0x75, 0x6e,
    0x63, 0x74, 0x69, 0x6f, 0x6e, 0x61, 0x6c, 0x5f, 0x31, 0x2f, 0x62, 0x61,
    0x74, 0x63, 0x68, 0x5f, 0x6e, 0x6f, 0x72, 0x6d, 0x61, 0x6c, 0x69, 0x7a,
    0x61, 0x74, 0x69, 0x6f, 0x6e, 0x5f, 0x36, 0x5f, 0x31, 0x2f, 0x62, 0x61,
    0x74, 0x63, 0x68, 0x6e, 0x6f, 0x72, 0x6d, 0x2f, 0x73, 0x75, 0x62, 0x00,
    0x01, 0x00, 0x00, 0x00, 0x30, 0x00, 0x00, 0x00, 0x1a, 0xff, 0xff, 0xff,
    0x00, 0x00, 0x00, 0x01, 0x14, 0x00, 0x00, 0x00, 0x34, 0x00, 0x00, 0x00,
    0x04, 0x00, 0x00, 0x00, 0x00, 0x00, 0x00, 0x09, 0x54, 0x00, 0x00, 0x00,
    0x64, 0xfe, 0xff, 0xff, 0x08, 0x00, 0x00, 0x00, 0x14, 0x00, 0x00, 0x00,
    0x01, 0x00, 0x00, 0x00, 0x00, 0x00, 0x00, 0x00, 0x00, 0x00, 0x00, 0x00,
    0x00, 0x00, 0x00, 0x00, 0x01, 0x00, 0x00, 0x00, 0x97, 0x13, 0x38, 0x3b,
    0x26, 0x00, 0x00, 0x00, 0x66, 0x75, 0x6e, 0x63, 0x74, 0x69, 0x6f, 0x6e,
    0x61, 0x6c, 0x5f, 0x31, 0x2f, 0x72, 0x69, 0x73, 0x6b, 0x5f, 0x70, 0x72,
    0x6f, 0x62, 0x61, 0x62, 0x69, 0x6c, 0x69, 0x74, 0x79, 0x5f, 0x31, 0x2f,
    0x4d, 0x61, 0x74, 0x4d, 0x75, 0x6c, 0x00, 0x00, 0x02, 0x00, 0x00, 0x00,
    0x01, 0x00, 0x00, 0x00, 0x30, 0x00, 0x00, 0x00, 0x92, 0xff, 0xff, 0xff,
    0x00, 0x00, 0x00, 0x01, 0x14, 0x00, 0x00, 0x00, 0x30, 0x00, 0x00, 0x00,
    0x03, 0x00, 0x00, 0x00, 0x00, 0x00, 0x00, 0x02, 0x4c, 0x00, 0x00, 0x00,
    0xdc, 0xfe, 0xff, 0xff, 0x08, 0x00, 0x00, 0x00, 0x10, 0x00, 0x00, 0x00,
    0x01, 0x00, 0x00, 0x00, 0x00, 0x00, 0x00, 0x00, 0x00, 0x00, 0x00, 0x00,
    0x01, 0x00, 0x00, 0x00, 0x04, 0xc7, 0x2a, 0x38, 0x23, 0x00, 0x00, 0x00,
    0x66, 0x75, 0x6e, 0x63, 0x74, 0x69, 0x6f, 0x6e, 0x61, 0x6c, 0x5f, 0x31,
    0x2f, 0x72, 0x69, 0x73, 0x6b, 0x5f, 0x70, 0x72, 0x6f, 0x62, 0x61, 0x62,
    0x69, 0x6c, 0x69, 0x74, 0x79, 0x5f, 0x31, 0x2f, 0x41, 0x64, 0x64, 0x00,
    0x01, 0x00, 0x00, 0x00, 0x01, 0x00, 0x00, 0x00, 0x00, 0x00, 0x16, 0x00,
    0x1c, 0x00, 0x18, 0x00, 0x17, 0x00, 0x10, 0x00, 0x0c, 0x00, 0x08, 0x00,
    0x00, 0x00, 0x00, 0x00, 0x00, 0x00, 0x07, 0x00, 0x16, 0x00, 0x00, 0x00,
    0x00, 0x00, 0x00, 0x01, 0x18, 0x00, 0x00, 0x00, 0x18, 0x00, 0x00, 0x00,
    0x02, 0x00, 0x00, 0x00, 0x00, 0x00, 0x00, 0x02, 0x50, 0x00, 0x00, 0x00,
    0x04, 0x00, 0x04, 0x00, 0x04, 0x00, 0x00, 0x00, 0x3e, 0x00, 0x00, 0x00,
    0x66, 0x75, 0x6e, 0x63, 0x74, 0x69, 0x6f, 0x6e, 0x61, 0x6c, 0x5f, 0x31,
    0x2f, 0x67, 0x6c, 0x6f, 0x62, 0x61, 0x6c, 0x5f, 0x61, 0x76, 0x65, 0x72,
    0x61, 0x67, 0x65, 0x5f, 0x70, 0x6f, 0x6f, 0x6c, 0x69, 0x6e, 0x67, 0x32,
    0x64, 0x5f, 0x31, 0x2f, 0x4d, 0x65, 0x61, 0x6e, 0x2f, 0x72, 0x65, 0x64,
    0x75, 0x63, 0x74, 0x69, 0x6f, 0x6e, 0x5f, 0x69, 0x6e, 0x64, 0x69, 0x63,
    0x65, 0x73, 0x00, 0x00, 0x01, 0x00, 0x00, 0x00, 0x02, 0x00, 0x00, 0x00,
    0x00, 0x00, 0x16, 0x00, 0x20, 0x00, 0x1c, 0x00, 0x1b, 0x00, 0x14, 0x00,
    0x10, 0x00, 0x0c, 0x00, 0x00, 0x00, 0x00, 0x00, 0x08, 0x00, 0x07, 0x00,
    0x16, 0x00, 0x00, 0x00, 0x00, 0x00, 0x00, 0x01, 0x18, 0x00, 0x00, 0x00,
    0x34, 0x00, 0x00, 0x00, 0x50, 0x00, 0x00, 0x00, 0x01, 0x00, 0x00, 0x00,
    0x00, 0x00, 0x00, 0x09, 0x64, 0x00, 0x00, 0x00, 0x04, 0x00, 0x00, 0x00,
    0xff, 0xff, 0xff, 0xff, 0x31, 0x00, 0x00, 0x00, 0x20, 0x00, 0x00, 0x00,
    0x01, 0x00, 0x00, 0x00, 0x0c, 0x00, 0x0c, 0x00, 0x00, 0x00, 0x00, 0x00,
    0x08, 0x00, 0x04, 0x00, 0x0c, 0x00, 0x00, 0x00, 0x08, 0x00, 0x00, 0x00,
    0x10, 0x00, 0x00, 0x00, 0x01, 0x00, 0x00, 0x00, 0x15, 0x00, 0x00, 0x00,
    0x00, 0x00, 0x00, 0x00, 0x01, 0x00, 0x00, 0x00, 0x08, 0xcc, 0xbd, 0x3d,
    0x18, 0x00, 0x00, 0x00, 0x73, 0x65, 0x72, 0x76, 0x69, 0x6e, 0x67, 0x5f,
    0x64, 0x65, 0x66, 0x61, 0x75, 0x6c, 0x74, 0x5f, 0x6c, 0x6f, 0x67, 0x6d,
    0x65, 0x6c, 0x3a, 0x30, 0x00, 0x00, 0x00, 0x00, 0x04, 0x00, 0x00, 0x00,
    0x01, 0x00, 0x00, 0x00, 0x31, 0x00, 0x00, 0x00, 0x20, 0x00, 0x00, 0x00,
    0x01, 0x00, 0x00, 0x00, 0x05, 0x00, 0x00, 0x00, 0x60, 0x00, 0x00, 0x00,
    0x40, 0x00, 0x00, 0x00, 0x2c, 0x00, 0x00, 0x00, 0x18, 0x00, 0x00, 0x00,
    0x04, 0x00, 0x00, 0x00, 0xc0, 0xff, 0xff, 0xff, 0x0e, 0x00, 0x00, 0x00,
    0x02, 0x00, 0x00, 0x00, 0x00, 0x00, 0x00, 0x0e, 0xd0, 0xff, 0xff, 0xff,
    0x09, 0x00, 0x00, 0x00, 0x04, 0x00, 0x00, 0x00, 0x00, 0x00, 0x00, 0x09,
    0xe0, 0xff, 0xff, 0xff, 0x28, 0x00, 0x00, 0x00, 0x02, 0x00, 0x00, 0x00,
    0x00, 0x00, 0x00, 0x28, 0xf0, 0xff, 0xff, 0xff, 0x04, 0x00, 0x00, 0x00,
    0x03, 0x00, 0x00, 0x00, 0x00, 0x00, 0x00, 0x04, 0x0c, 0x00, 0x10, 0x00,
    0x0f, 0x00, 0x00, 0x00, 0x08, 0x00, 0x04, 0x00, 0x0c, 0x00, 0x00, 0x00,
    0x03, 0x00, 0x00, 0x00, 0x03, 0x00, 0x00, 0x00, 0x00, 0x00, 0x00, 0x03,
};

const unsigned int g_model_len = 17136U;
